Nombre,Activo,Código,Eslora,Flota,Matrícula,Potencia en HP,Tipo de flota
SAGRARIO,Yes,0,"19,94","COSTEROS, FRESQUERO",02973,"591,9",21
ANTONELLA,Yes,1097,"16,25","COSTEROS, FRESQUERO",0033,"355,7",21
ALVAREZ ENTRENA IV,Yes,0,"17,2","COSTEROS, FRESQUERO",02761,400,21
CALETA PAULA,Yes,1248,"15,3","COSTEROS, FRESQUERO",02355,"220,1",21
DON TOMASSO,Yes,1468,17,"COSTEROS, FRESQUERO",02310,"355,7",21
MARIA SUSANA,Yes,2004,"15,3","COSTEROS, FRESQUERO",02103,"222,8",21
DON VICENTE VUOSO,Yes,1474,"20,69","COSTEROS, FRESQUERO",5439,"536,9",21
CALABRIA,Yes,1245,"19,63","COSTEROS, FRESQUERO",5828,"265,8",21
DIEGO FERNANDO,Yes,1401,"17,95","COSTEROS, FRESQUERO",02416,"225,5",21
QUEQUEN SALADO,Yes,2277,"19,45","COSTEROS, FRESQUERO",5066,"271,1",21
DON BOCHA,Yes,0,"17,98","COSTEROS, FRESQUERO",02921,"591,9",21
ALTAR,Yes,0,"19,94","COSTEROS, FRESQUERO",02906,"542,3",21
MISAL,Yes,0,"19,94","COSTEROS, FRESQUERO",02972,"591,9",21
SOFIA B,Yes,0,"19,65","COSTEROS, FRESQUERO",02679,"546,3",21
DOÑA ALFIA,Yes,1483,"20,7","COSTEROS, FRESQUERO",5274,"425,5",21
EURO II,Yes,1582,"20,1","COSTEROS, FRESQUERO",02314,"425,5",21
BAFFETTA,Yes,0,"19,45","COSTEROS, FRESQUERO",02635,"295,3",21
ANAVE,Yes,0,"18,08","COSTEROS, FRESQUERO",02701,"425,5",21
DON GIULIANO,Yes,1431,"17,1","COSTEROS, FRESQUERO",02025,"220,1",21
FRANCO JOSE,Yes,0,"19,94","COSTEROS, FRESQUERO",02984,"590,6",21
VERONICA ALEJANDRA N,Yes,2606,"15,3","COSTEROS, FRESQUERO",02292,"222,8",21
CALIZ,Yes,0,"20,2","COSTEROS, FRESQUERO",02809,545,21
TRITON I (02821),Yes,0,"19,93","COSTEROS, FRESQUERO",02821,"591,9",21
PERLA NEGRA,Yes,0,"15,9","COSTEROS, FRESQUERO",03053,0,21
DESEADO,Yes,1400,19,"COSTEROS, FRESQUERO",6005,"300,7",21
DON RAUL,Yes,0,"12,25","COSTEROS, FRESQUERO",02609,"295,3",21
MIRTA R,Yes,0,"15,5","COSTEROS, FRESQUERO",02627,"182,6",21
SANTO VITO DI MAZZARA,Yes,0,"17,56","COSTEROS, FRESQUERO",02764,"534,2",21
PACHACA,Yes,2180,"17,64","COSTEROS, FRESQUERO",02572,"319,5",21
ENRIQUE F,Yes,1549,"16,9","COSTEROS, FRESQUERO",02360,"181,2",21
SAN ADRIAN,Yes,2337,"14,4","FRESQUERO, RADA O RIA",4370,"161,1",11
VIRGEN DEL MILAGRO,Yes,2725,"19,93","COSTEROS, FRESQUERO",02767,"379,9",21
DON JOSE DI BONA,Yes,1435,"19,85","COSTEROS, FRESQUERO",02241,"300,7",21
CARMEN A,Yes,1269,"15,3","COSTEROS, FRESQUERO",02045,"222,8",21
MADRE MARIA,Yes,0,"19,94","COSTEROS, FRESQUERO",03101,0,21
MADRE DIVINA,Yes,1915,"26,12","ALTURA, FRESQUERO",5005,"518,1",31
BAGUAL,Yes,0,"19,94","COSTEROS, FRESQUERO",03078,0,21
MARIA DEL VALLE,Yes,1986,"16,29","COSTEROS, FRESQUERO",02126,196,21
TRABAJAMOS,Yes,2726,"19,94","COSTEROS, FRESQUERO",02904,"591,9",21
MADONNA DI GIARDINI,Yes,1911,"16,15","FRESQUERO, RADA O RIA",4569,"335,6",11
ROSA MISTICA I,Yes,2323,"16,65","COSTEROS, FRESQUERO",01957,"440,3",21
ANA III,Yes,1069,"19,95","COSTEROS, FRESQUERO",5962,443,21
SANTA MARIA MADRE,Yes,0,"20,5","COSTEROS, FRESQUERO",02615,553,21
SIEMPRE DON VICENTE,Yes,2706,"18,94","COSTEROS, FRESQUERO",02654,"340,9",21
PATAGONIA,Yes,2196,"30,95","ALTURA, FRESQUERO",4645,"660,4",31
SAN BENEDETTO,Yes,0,"15,38","COSTEROS, FRESQUERO",02643,"220,1",21
SANTORINI,Yes,0,"19,94","COSTEROS, FRESQUERO",03072,0,21
GALA,Yes,0,"15,2","COSTEROS, FRESQUERO",02722,"256,4",21
FRANCESCA,Yes,0,"20,38","COSTEROS, FRESQUERO",03107,0,21
EL TEHUELCHE,Yes,1527,"17,4","COSTEROS, FRESQUERO",02565,"346,3",21
VAMOS A PROBAR I,Yes,2598,"18,57","COSTEROS, FRESQUERO",02532,"365,1",21
SIEMPRE DON CONRADO,Yes,0,"19,4","COSTEROS, FRESQUERO",02687,"335,6",21
AMERICA I,Yes,1061,"23,09","COSTEROS, FRESQUERO",6268,"542,3",21
BRISSA II,Yes,0,0,"FRESQUERO, RADA O RIA",02454M,0,11
GIARDINI,Yes,0,"12,15","FRESQUERO, RADA O RIA",4144,"140,9",11
OSIRIS,Yes,0,0,"FRESQUERO, RADA O RIA",02686M,0,11
VALENTINA,Yes,0,0,"FRESQUERO, RADA O RIA",02727M,0,11
LA PISCIANA,Yes,1841,"5,31","COSTEROS, FRESQUERO",1535,40,21
CANDE,Yes,0,0,"FRESQUERO, RADA O RIA",02150M,0,11
PUNTA PARDELAS,Yes,0,"19,94","ALTURA, FRESQUERO",03060,0,31
MARIO R,Yes,2016,"22,6","COSTEROS, FRESQUERO",6139,"424,2",21
FIESTA,Yes,1602,"18,8","COSTEROS, FRESQUERO",6168,"375,8",21
DON ESCIPION,Yes,1423,"23,6","COSTEROS, FRESQUERO",02322,"540,9",21
CANAL DE BEAGLE,Yes,0,"23,9","ALTURA, FRESQUERO",5409,"500,7",31
VIENTO NORTE,Yes,2781,"15,25","FRESQUERO, RADA O RIA",02900,"275,2",11
EL FARO,Yes,1508,"22,27","COSTEROS, FRESQUERO",6267,"540,9",21
LA JULIA,Yes,1819,"13,9","FRESQUERO, RADA O RIA",3955,"179,9",11
FE EN DIOS,Yes,1589,"17,31","COSTEROS, FRESQUERO",6043,"425,5",21
TESON,Yes,2552,"25,97","ALTURA, FRESQUERO",6079,"765,1",31
ANGELA,Yes,1082,"15,7","FRESQUERO, RADA O RIA",3149,"189,3",11
LA CRUZ DEL SUD,Yes,1800,"14,62","FRESQUERO, RADA O RIA",4095,200,11
CIUDAD DE DIAMANTE,Yes,1323,"17,45","COSTEROS, FRESQUERO",6272,"350,3",21
DON JOSE,Yes,1434,"16,49","COSTEROS, FRESQUERO",6044,"268,5",21
LIBERTAD,Yes,1870,"18,2","COSTEROS, FRESQUERO",4567,"526,2",21
INDOMABLE,Yes,1722,"16,1","COSTEROS, FRESQUERO",02347,"330,2",21
UR ERTZA,Yes,2587,51,"ALTURA, FRESQUERO",6508,"1481,9",31
JUAN MARIO,Yes,1757,"15,4","FRESQUERO, RADA O RIA",02467,"300,7",11
SAN GIUSEPPE II,Yes,2361,"19,9","COSTEROS, FRESQUERO",02335,"162,4",21
NUEVO RUMBO,Yes,2131,"17,95","COSTEROS, FRESQUERO",6387,"402,7",21
NUEVA NEPTUNIA I,Yes,0,20,"COSTEROS, FRESQUERO",02634,"402,7",21
CRISTO REDENTOR,Yes,1374,31,"ALTURA, FRESQUERO",4680,"641,6",31
SUMATRA,Yes,2512,"33,15","ALTURA, FRESQUERO",5162,"750,3",31
CIUDAD FELIZ,Yes,2721,"28,56","ALTURA, FRESQUERO",5802,"457,7",31
VIRGEN DE LAS NIEVES,Yes,2634,"14,63","FRESQUERO, RADA O RIA",4440,"179,9",11
EMILIA MARIA,Yes,1543,"22,6","COSTEROS, FRESQUERO",5977,"520,8",21
ORION I,Yes,0,"20,9","COSTEROS, FRESQUERO",6011,"519,5",21
HAMPON,Yes,1673,"18,99","COSTEROS, FRESQUERO",01410,"496,6",21
SIEMPRE VIEJO PANCHO,Yes,2755,"17,98","COSTEROS, FRESQUERO",02937,"601,3",21
CALLEJA,Yes,1249,"21,83","COSTEROS, FRESQUERO",6276,"503,4",21
COMANDANTE LUIS PIEDRABUENA,Yes,1340,25,"ALTURA, FRESQUERO",5358,"500,7",31
SAN SALVADOR,Yes,2391,"14,93","FRESQUERO, RADA O RIA",4544,"324,8",11
FIDES FE II,Yes,1601,"23,8","COSTEROS, FRESQUERO",6088,"500,7",21
ARAUCANIA,Yes,1110,"28,3","ALTURA, FRESQUERO",4644,"720,8",31
MARIA IDA II,Yes,0,0,"COSTEROS, FRESQUERO",1602-M,0,21
CHULA III,Yes,0,0,"FRESQUERO, RADA O RIA",02679M,0,11
ALCEO II,Yes,1033,"5,2","COSTEROS, FRESQUERO",0117,60,21
NUEVA AUGUSTA,Yes,2107,"14,7","FRESQUERO, RADA O RIA",6325,200,11
DALMACEJE,Yes,0,0,"FRESQUERO, RADA O RIA",01012-M,0,11
DR. CARLOS OTTOLENGHI,Yes,1491,"16,4","COSTEROS, FRESQUERO",3943,"263,1",21
SILVIA YOLANDA,Yes,2484,"15,76","FRESQUERO, RADA O RIA",01841,200,11
HUAFENG 815,Yes,0,"25,28","ALTURA, FRESQUERO",5847,"418,8",31
NUEVA LUCIA MADRE,Yes,2113,"14,37","FRESQUERO, RADA O RIA",3967,"416,1",11
EL VENCEDOR,Yes,0,"14,5","FRESQUERO, RADA O RIA",02619,"220,1",11
LA SANTA MARIA I,Yes,1844,"22,89","COSTEROS, FRESQUERO",02324,"424,2",21
MAREJADA,Yes,1974,"27,98","ALTURA, FRESQUERO",5898,"624,2",31
PUCARA,Yes,2261,"24,3","COSTEROS, FRESQUERO",01822,"425,5",21
CARMELO A,Yes,1267,"21,83","COSTEROS, FRESQUERO",6261,443,21
PADRE PIO,Yes,2737,24,"COSTEROS, FRESQUERO",02822,451,21
TABEIRON TRES,Yes,2531,"23,9","COSTEROS, FRESQUERO",02365,"540,9",21
SANT'ANTONIO,Yes,2402,"25,2","ALTURA, FRESQUERO",6067,"540,9",31
DON FRANCO,Yes,0,"19,94","COSTEROS, FRESQUERO",02955,600,21
NUEVO VIENTO,Yes,2135,"22,23","ALTURA, FRESQUERO",6092,"540,9",31
ARGENTINO,Yes,1157,"33,77","ALTURA, FRESQUERO",6305,"1001,3",31
BELVEDERE,Yes,1210,"26,5","ALTURA, FRESQUERO",6336,"624,2",31
DON RAIMUNDO,Yes,1463,"25,6","ALTURA, FRESQUERO",6277,"624,2",31
PORTO BELO II,Yes,2728,"23,98","ALTURA, FRESQUERO",02790,"601,3",31
MERCEA C,Yes,2036,"29,15","ALTURA, FRESQUERO",0318,"865,8",31
Vº MARIA INMACULADA,Yes,2595,"28,1","ALTURA, FRESQUERO",6242,"540,9",31
DON SANTIAGO,Yes,1467,"26,55","ALTURA, FRESQUERO",6285,"775,8",31
EL MARISCO I,Yes,1516,"27,22","ALTURA, FRESQUERO",5860,"425,5",31
HUAFENG 820,Yes,2767,"24,82","ALTURA, FRESQUERO",5772,494,31
JUPITER,Yes,1768,"24,1","COSTEROS, FRESQUERO",5784,"540,9",21
MARIA GRACIA,Yes,1992,"24,05","COSTEROS, FRESQUERO",6006,557,21
SUEÑO REAL,Yes,2511,"23,24","COSTEROS, FRESQUERO",6070,455,21
DON NATALIO,Yes,1449,36,"ALTURA, FRESQUERO",5421,"1185,2",31
SFIDA,Yes,2439,"26,5","ALTURA, FRESQUERO",6222,"624,2",31
POPA,Yes,2244,"23,4","COSTEROS, FRESQUERO",02384,"394,6",21
HUAFENG 817,Yes,0,"22,3","ALTURA, FRESQUERO",5931,443,31
GURISES,Yes,1667,"25,2","ALTURA, FRESQUERO",5915,"546,3",31
ACRUX,Yes,0,28,"ALTURA, FRESQUERO",03086,0,31
SANT'ANGELO,Yes,2401,"23,6","ALTURA, FRESQUERO",5976,"500,7",31
PORTO BELO I,Yes,2736,"23,98","COSTEROS, FRESQUERO",02699,600,21
SANTA BARBARA,Yes,2409,"56,96","ALTURA, FRESQUERO",5857,"1679,2",31
DON MIGUEL I,Yes,1448,"26,6","ALTURA, FRESQUERO",4559,"503,4",31
MANTO SAGRADO,Yes,1934,"15,08","FRESQUERO, RADA O RIA",6402,"355,7",11
INSOLITO,Yes,1728,"22,7","ALTURA, FRESQUERO",6163,"528,9",31
JUAN PABLO II,Yes,0,"22,49","COSTEROS, FRESQUERO",02695,"326,2",21
CARLOS I,Yes,1266,"17,4","FRESQUERO, RADA O RIA",3834,"379,9",11
SAN JORGE MARTIR,Yes,2367,"56,1","ALTURA, FRESQUERO",5242,"1408,1",31
MARIA RITA,Yes,2000,"30,95","ALTURA, FRESQUERO",4566,"540,9",31
DON CAYETANO,Yes,1417,"47,1","ALTURA, FRESQUERO",5874,"1503,4",31
SIEMPRE CONSTANTE,Yes,0,"7,8","FRESQUERO, RADA O RIA",02168M,0,11
SANTA MARIA.,Yes,0,"7,08","FRESQUERO, RADA O RIA",01129M,0,11
SIEMPRE AFUERA I,Yes,0,0,"FRESQUERO, RADA O RIA",02655-M,0,11
SIEMPRE GRACIOSA,Yes,2465,"12,47","FRESQUERO, RADA O RIA",4427,"167,8",11
DON NINO,Yes,1451,15,"FRESQUERO, RADA O RIA",6556,"308,7",11
SIEMPRE SARA MADRE,Yes,2477,14,"FRESQUERO, RADA O RIA",6480,200,11
MATIAS (02594M),Yes,0,0,"FRESQUERO, RADA O RIA",02594M,0,11
SAN GREGORIO,Yes,0,"7,04","COSTEROS, FRESQUERO",1954-M,100,21
GRAN SANTI,Yes,0,0,"FRESQUERO, RADA O RIA",02740M,0,11
LA GUADA,Yes,0,0,"FRESQUERO, RADA O RIA",03037M,0,11
SALIM CURA I,Yes,0,10,"FRESQUERO, RADA O RIA",01545M,100,11
ANTONIETA Y NAZARENO,Yes,1098,0,"FRESQUERO, RADA O RIA",4096,39,11
STELLA NELLY,Yes,0,"9,95","FRESQUERO, RADA O RIA",15682,140,11
VAZQUEZ HERMANOS,Yes,2599,"14,86","FRESQUERO, RADA O RIA",4380,220,11
VITO.,Yes,2648,"6,7","FRESQUERO, RADA O RIA",01810M,0,11
TITAN (02712M),Yes,0,0,"FRESQUERO, RADA O RIA",02712M,0,11
TRIUNFADOR,Yes,2571,0,"FRESQUERO, RADA O RIA",07127,0,11
NOR Y MAR,Yes,0,"15,18","FRESQUERO, RADA O RIA",4417,140,11
DON NORBERTO,Yes,0,"15,75","FRESQUERO, RADA O RIA",5856,167,11
EMERSON I,Yes,0,0,"FRESQUERO, RADA O RIA",02853M,0,11
CRISTO REY,Yes,1375,"14,37","FRESQUERO, RADA O RIA",6324,"179,9",11
EL PAISANO,Yes,0,0,"FRESQUERO, RADA O RIA",02138-M,0,11
ECLIPSE,Yes,1496,"7,8","FRESQUERO, RADA O RIA",01752M,100,11
JOSE MARCELO,Yes,2764,"39,94","ALTURA, FRESQUERO",03138,0,31
NONO PASCUAL,Yes,2729,24,"ALTURA, FRESQUERO",02854,451,31
MAR DEL CHUBUT,Yes,1944,"28,2","ALTURA, FRESQUERO",5966,"720,8",31
SALVADOR R,Yes,2761,"27,73","ALTURA, FRESQUERO",02755,"420,1",31
CENTAURO 2000,Yes,1278,"35,5","ALTURA, FRESQUERO",6491,1302,31
PROMAC,Yes,2257,"33,45","ALTURA, FRESQUERO",4815,"720,8",31
DON JUAN.,Yes,2772,27,"ALTURA, FRESQUERO",5711,"421,5",31
DON NICOLA,Yes,1450,"28,14","ALTURA, FRESQUERO",6545,"856,4",31
RIBAZON INES,Yes,2306,"38,5","ALTURA, FRESQUERO",5058,"719,5",31
PAOLA S,Yes,2190,"28,25","ALTURA, FRESQUERO",5877,651,31
HUAFENG 816,Yes,0,"22,6","COSTEROS, FRESQUERO",5994,"520,8",21
SAN CAYETANO I,Yes,2351,"24,14","ALTURA, FRESQUERO",5182,"503,4",31
ESTEFANY,Yes,1565,"23,6","COSTEROS, FRESQUERO",6279,"530,2",21
SANTA ANA,Yes,2405,11,"FRESQUERO, RADA O RIA",61137,"139,6",11
NUEVO O`SURRIENTO,Yes,0,"16,8","FRESQUERO, RADA O RIA",02583,177,11
MELLINO I,Yes,2032,"47,25","ALTURA, FRESQUERO",5098,"1185,2",31
7 DE DICIEMBRE,Yes,1013,"27,2","ALTURA, FRESQUERO",5908,"520,8",31
DON GAETANO,Yes,1430,"32,1","ALTURA, FRESQUERO",6513,"888,6",31
MARGOT,Yes,1976,"58,75","ALTURA, FRESQUERO",5008,"1480,5",31
GRACIELA I,Yes,2765,"39,94","ALTURA, FRESQUERO",03137,0,31
MICAELA,Yes,0,0,"COSTEROS, FRESQUERO",1883-M,0,21
BUENA SUERTE,Yes,0,0,"FRESQUERO, RADA O RIA",02640M,0,11
FLOR DE LIS II,Yes,0,0,"FRESQUERO, RADA O RIA",03006,0,11
VEROMAR II,Yes,0,0,"FRESQUERO, RADA O RIA",02659M,0,11
TENIENTE CORONEL ROMEO ARALDE,Yes,0,"14,6","FRESQUERO, RADA O RIA",4050,"249,7",11
STELLA MARIS..,Yes,2503,14,"FRESQUERO, RADA O RIA",4637,"361,1",11
LOBO DE MAR II,Yes,0,0,"FRESQUERO, RADA O RIA",02269M,0,11
WIZARD,Yes,0,"6,7","FRESQUERO, RADA O RIA",02667M,0,11
ELISA III,Yes,0,0,"FRESQUERO, RADA O RIA",02127M,0,11
HURACÁN,Yes,1711,0,"FRESQUERO, RADA O RIA",02680M,0,11
BAHIA ENGAÑO,Yes,1195,"17,3","FRESQUERO, RADA O RIA",6353,200,11
VERAZ,Yes,2603,"27,45","ALTURA, FRESQUERO",5943,604,31
PONTE CORUXO,Yes,2242,"52,85","ALTURA, FRESQUERO",5315,"1382,6",31
CLAUDINA,Yes,1331,"53,58","ALTURA, PROC.CONGELADOR",02345,"936,9",32
HOYO MARU Nº 37,Yes,1695,"64,12","ALTURA, PROC.CONGELADOR",02624,"1775,8",32
SOHO MARU Nº 58,Yes,2492,"65,67","ALTURA, PROC.CONGELADOR",02611,"1775,8",32
DON CARMELO,Yes,1416,"19,04","COSTEROS, FRESQUERO",6126,"424,2",21
DON TURI,Yes,1470,"28,62","ALTURA, FRESQUERO",6424,"838,9",31
MELLINO VI,Yes,2034,"64,87","ALTURA, FRESQUERO",5265,"1234,9",31
MARIANELA,Yes,2007,"25,6","ALTURA, FRESQUERO",5958,"540,9",31
EL MARISCO II,Yes,1517,"56,3","ALTURA, FRESQUERO",5979,"1406,7",31
HOPE N°7,Yes,1690,"50,6","ALTURA, PROC.CONGELADOR",6130,"1234,9",32
ESTRELLA N° 6,Yes,1576,"55,85","ALTURA, PROC.CONGELADOR",6219,"1581,2",32
ESTRELLA Nº 11,Yes,0,"64,72","ALTURA, PROC.CONGELADOR",02575,1581,32
MORGAN I,Yes,0,0,"FRESQUERO, RADA O RIA",02634M,0,11
EL ALBATROS (02380M),Yes,0,0,"FRESQUERO, RADA O RIA",02380M,0,11
EL PRINCIPE AZUL,Yes,1521,"13,25","FRESQUERO, RADA O RIA",3942,"179,9",11
ALBA II,Yes,1029,"13,5","FRESQUERO, RADA O RIA",4274,"311,4",11
AGUSTINA I,Yes,1024,7,"COSTEROS, FRESQUERO",1931,60,21
ORCA III,Yes,0,0,"FRESQUERO, RADA O RIA",01607M,0,11
MARTA S,Yes,0,"23,9","COSTEROS, FRESQUERO",6012,"503,4",21
MADONNINA DEL MARE,Yes,1912,"23,78","COSTEROS, FRESQUERO",6086,"601,3",21
ESTRELLA N° 5,Yes,1575,"54,2","ALTURA, PROC.CONGELADOR",6124,"1601,3",32
ARGENOVA XXI,Yes,2704,"55,8","ALTURA, PROC.CONGELADOR",02661,"1825,5",32
CERES,Yes,1281,"60,74","ALTURA, PROC.CONGELADOR",6422,"1969,1",32
ATREVIDO,Yes,1180,"32,5","ALTURA, FRESQUERO",6194,"900,7",31
SUR ESTE 502,Yes,2520,"54,6","ALTURA, PROC.CONGELADOR",02201,"1669,8",32
VIEIRASA DIECISIETE,Yes,2752,"59,03","ALTURA, PROC.CONGELADOR",02568,"1401,3",32
VIRGEN MARIA,Yes,2645,"56,65","ALTURA, FRESQUERO",5327,"1802,7",31
CEIBE DOUS,Yes,1276,"40,7","ALTURA, PROC.CONGELADOR",6699,"738,3",32
ORION 3,Yes,2170,"63,1","ALTURA, PROC.CONGELADOR",02167,"1775,8",32
ARBUMASA XXVIII,Yes,1129,"64,4","ALTURA, PROC.CONGELADOR",02569,"1775,8",32
SIEMPRE SAN SALVADOR,Yes,2475,"22,35","COSTEROS, FRESQUERO",3982,600,21
Nº 75 TAE BAEK,Yes,2138,"55,7","ALTURA, PROC.CONGELADOR",02364,1302,32
MIURA MARU,Yes,2058,"53,2","ALTURA, PROC.CONGELADOR",5996,"1481,9",32
ANDRES JORGE,Yes,2760,"50,1","ALTURA, FRESQUERO",6321,1102,31
HUAFENG 801,Yes,2741,"65,04","ALTURA, PROC.CONGELADOR",03013,"1973,2",32
ERIN BRUCE,Yes,1553,"53,6","ALTURA, PROC.CONGELADOR",6536,"2252,3",32
PATAGONIA BLUES,Yes,2199,"64,45","ALTURA, PROC.CONGELADOR",02176,"1775,8",32
XIN SHI JI Nº 89,Yes,2750,"68,58","ALTURA, PROC.CONGELADOR",02903,"2684,6",32
ZHOU YU 9,Yes,0,"61,14","ALTURA, PROC.CONGELADOR",03113,0,32
XIN SHI JI Nº 95,Yes,2732,"68,58","ALTURA, PROC.CONGELADOR",02933,"2684,6",32
VIEIRASA DIECIOCHO,Yes,2615,"67,78","ALTURA, PROC.CONGELADOR",02563,"1802,7",32
HUYU 906,Yes,2747,"65,92","ALTURA, PROC.CONGELADOR",03026,"1578,5",32
HUYU 962,Yes,0,"65,6","ALTURA, PROC.CONGELADOR",03056,0,32
Nº 606 TAE BAEK,Yes,2148,"55,22","ALTURA, PROC.CONGELADOR",02361,"1036,2",32
MILLENNIUM,Yes,2046,"55,05","ALTURA, PROC.CONGELADOR",6360,"1328,9",32
VILLARINO,Yes,2629,"64,5","ALTURA, PROC.CONGELADOR",02178,"1775,8",32
MINTA,Yes,2050,"65,1","ALTURA, PROC.CONGELADOR",02196,"1602,7",32
VICTORIA II,Yes,2611,"27,4","ALTURA, FRESQUERO",5892,"601,3",31
HUAFENG 802,Yes,2751,"65,04","ALTURA, PROC.CONGELADOR",03014,"1973,2",32
LU QING YUAN YU 280,Yes,0,"67,68","ALTURA, PROC.CONGELADOR",03141,0,32
ARBUMASA XXVI,Yes,1127,"62,8","ALTURA, PROC.CONGELADOR",01958,"2402,7",32
XIN SHI JI Nº 92,Yes,2742,"68,58","ALTURA, PROC.CONGELADOR",02930,"2684,6",32
XIN SHI DAI N° 28,Yes,2669,"62,4","ALTURA, PROC.CONGELADOR",02165,"1578,5",32
DON MARIO,Yes,1446,"16,5","FRESQUERO, RADA O RIA",6210,"288,6",11
XIN SHI JI Nº 91,Yes,2724,"68,58","ALTURA, PROC.CONGELADOR",02924,"2684,6",32
LU QING YUAN YU 288,Yes,2762,"67,68","ALTURA, PROC.CONGELADOR",03142,0,32
PUENTE VALDES,Yes,2266,"58,15","ALTURA, PROC.CONGELADOR",02205,"1382,6",32
HUYU 961,Yes,0,"65,7","ALTURA, PROC.CONGELADOR",03057,0,32
GLORIA DEL MAR I,Yes,1651,"54,3","ALTURA, PROC.CONGELADOR",01983,1600,32
ARBUMASA XXIX,Yes,1126,"65,6","ALTURA, PROC.CONGELADOR",02561,"1775,8",32
MISHIMA MARU N°8,Yes,2054,"63,43","ALTURA, PROC.CONGELADOR",02175,"1578,5",32
AURORA,Yes,1183,"67,55","ALTURA, PROC.CONGELADOR",02581,"1775,8",32
ZHOU YU 10,Yes,0,"61,14","ALTURA, PROC.CONGELADOR",03112,0,32
ESPERANZA 909,Yes,1559,"72,34","ALTURA, PROC.CONGELADOR",02577,"1677,9",32
DON ALEJO,Yes,1410,"6,7","FRESQUERO, RADA O RIA",1713-M,60,11
SIEMPRE LA GALLEGA,Yes,0,0,"FRESQUERO, RADA O RIA",02797M,0,11
MISS TIDE,Yes,2056,"52,52","ALTURA, PROC.CONGELADOR",02439,"2253,7",32
HUA I N°616,Yes,1704,"59,8","ALTURA, PROC.CONGELADOR",6301,"1873,8",32
XIN SHI JI 29,Yes,0,"70,5","ALTURA, PROC.CONGELADOR",03147,0,32
ESPADARTE,Yes,1558,"68,2","ALTURA, PROC.CONGELADOR",02048,"1528,9",32
XIN SHI JI 25,Yes,2753,"70,5","ALTURA, PROC.CONGELADOR",03092,0,32
PETREL,Yes,2224,"29,85","ALTURA, FRESQUERO",01445,"775,8",31
ATLANTIC EXPRESS,Yes,2727,"53,7","ALTURA, PROC.CONGELADOR",02936,"3425,5",32
MADRE INMACULADA,Yes,1916,"62,8","ALTURA, PROC.CONGELADOR",02378,"1852,3",32
ARBUMASA XXVII,Yes,1128,"64,21","ALTURA, PROC.CONGELADOR",02057,"1154,4",32
MADRE MARGARITA,Yes,0,"25,6","ALTURA, FRESQUERO",02728,"540,9",31
ANGELUS,Yes,1087,"52,6","ALTURA, PROC.CONGELADOR",01953,"1336,9",32
SCIROCCO,Yes,2430,"65,93","ALTURA, PROC.CONGELADOR",02574,"1589,3",32
DON CARLOS I,Yes,1415,"12,65","COSTEROS, FRESQUERO",02358,200,21
EL BARBA NEGRA,Yes,0,"16,55","COSTEROS, FRESQUERO",02847,"518,1",21
ECHIZEN MARU,Yes,1495,"89,59","ALTURA, PROC.CONGELADOR",6488,4702,32
SAN MATEO,Yes,0,"54,1","ALTURA, PROC.CONGELADOR",6306,"1233,6",32
HUYU 908,Yes,2758,72,"ALTURA, PROC.CONGELADOR",03058,0,32
XIN SHI JI 28,Yes,0,"70,5","ALTURA, PROC.CONGELADOR",03146,0,32
HUYU 907,Yes,2748,"72,17","ALTURA, PROC.CONGELADOR",03027,"1677,9",32
ESTHER 153,Yes,1568,"55,1","ALTURA, PROC.CONGELADOR",02058,"1252,3",32
NAVEGANTES II,Yes,2080,"63,7","ALTURA, PROC.CONGELADOR",1451,"1602,7",32
VALERIA DEL ATLÁNTICO,Yes,2346,"56,46","ALTURA, PROC.CONGELADOR",02098,4698,32
CHOKYU MARU Nº 18.,Yes,1312,"68,7","ALTURA, PROC.CONGELADOR",02584,"1777,2",32
LUNA SEKA II,Yes,0,"6,7","FRESQUERO, RADA O RIA",02059M,0,11
BERRETIN II,Yes,0,"12,25","FRESQUERO, RADA O RIA",02393,0,11
MOBY DICK,Yes,2059,"6,2","COSTEROS, FRESQUERO",0649-M,65,21
ESAMAR Nº 4,Yes,1557,"54,8","ALTURA, PROC.CONGELADOR",6169,1502,32
ALTALENA,Yes,1051,"55,8","ALTURA, FRESQUERO",5139,"1350,3",31
DON FRANCISCO I,Yes,1428,"66,55","ALTURA, PROC.CONGELADOR",02562,"1775,8",32
HUAFENG 822,Yes,0,25,"ALTURA, FRESQUERO",5323,"527,5",31
VENTARRON 1º,Yes,2708,"63,07","ALTURA, PROC.CONGELADOR",6041,"1969,1",32
NAVEGANTES III,Yes,2081,"68,6","ALTURA, PROC.CONGELADOR",02065,"2202,7",32
CAPESANTE,Yes,2723,"50,15","ALTURA, PROC.CONGELADOR",02929,"2550,3",32
SAN JUAN B,Yes,2780,"39,94","ALTURA, PROC.CONGELADOR",6068,1204,32
LAIA,Yes,0,53,"ALTURA, PROC.CONGELADOR",6521,"1185,2",32
MATEO I,Yes,2028,"67,97","ALTURA, PROC.CONGELADOR",02172,"1775,8",32
IGLU I,Yes,1713,"32,75","ALTURA, FRESQUERO",5714,"660,4",31
MARBELLA,Yes,1966,"27,38","ALTURA, FRESQUERO",6399,"735,6",31
PADRINO,Yes,0,0,"COSTEROS, FRESQUERO",03139,0,21
NUEVO QUEQUEN,Yes,0,"20,95","COSTEROS, FRESQUERO",03152,0,21
NAVEGANTES,Yes,2079,58,"ALTURA, PROC.CONGELADOR",6246,"1924,8",32
NANINA,Yes,2073,"72,08","ALTURA, PROC.CONGELADOR",02576,"1677,9",32
XIN SHI JI 30,Yes,0,"70,5","ALTURA, PROC.CONGELADOR",03145,0,32
JUPITER II,Yes,1769,"27,9","ALTURA, FRESQUERO",6597,"790,6",31
ORION 5,Yes,2757,"65,62","ALTURA, PROC.CONGELADOR",02637,"1775,8",32
TAI AN,Yes,2533,"100,5","ALTURA, PROC.CONGELADOR",01530,4506,32
ATLANTIC SURF III,Yes,1176,"49,6","ALTURA, PROC.CONGELADOR",02030,"3020,1",32
DON FEDE I,Yes,0,0,"FRESQUERO, RADA O RIA",03076,0,11
BARRUMBA,Yes,0,0,"FRESQUERO, RADA O RIA",02827M,0,11
TANGO II,Yes,2714,"50,4","ALTURA, PROC.CONGELADOR",02791,1302,32
DUKAT,Yes,2712,"50,8","ALTURA, PROC.CONGELADOR",02775,1302,32
CENTURION DEL ATLANTICO,Yes,1280,"112,8","ALTURA, PROC.CONGELADOR",6230,"8111,4",32
SAN JUAN JOSE,Yes,2372,"13,03","FRESQUERO, RADA O RIA",17903,"128,9",11
DON LUIS I,Yes,1445,"67,95","ALTURA, PROC.CONGELADOR",02093,"1802,7",32
GEMINIS,Yes,1643,"68,9","ALTURA, PROC.CONGELADOR",6569,"2140,9",32
CAROLINA P,Yes,1272,"71,6","ALTURA, PROC.CONGELADOR",6454,"1975,8",32
ANABELLA M,Yes,1074,"64,8","ALTURA, PROC.CONGELADOR",6455,"2420,1",32
BEAGLE I,Yes,1207,"59,9","ALTURA, PROC.CONGELADOR",6052,"2369,1",32
ORION 2,Yes,2169,"53,25","ALTURA, PROC.CONGELADOR",01942,"1201,3",32
INDOMITO,Yes,1723,"15,86","FRESQUERO, RADA O RIA",3645,"218,8",11
LUCA MARIO,Yes,2715,"79,14","ALTURA, PROC.CONGELADOR",6571,"3951,7",32
TALISMAN,Yes,2541,"49,95","ALTURA, PROC.CONGELADOR",6327,1302,32
GAUCHO GRANDE,Yes,1642,"27,64","ALTURA, FRESQUERO",5441,0,31
VERDEL,Yes,2604,"71,7","ALTURA, PROC.CONGELADOR",6593,1975,32
API VII,Yes,2777,"72,2","ALTURA, PROC.CONGELADOR",03081,0,32
DON LITO,Yes,0,"6,7","FRESQUERO, RADA O RIA",01990,0,11
VIRGEN DE LUJÁN  (02987M),Yes,2636,0,"FRESQUERO, RADA O RIA",02987M,0,11
MATIAS,Yes,0,0,"FRESQUERO, RADA O RIA",02149M,0,11
API V,Yes,2711,"77,4","ALTURA, PROC.CONGELADOR",02781,"2959,7",32
SIRIUS II,Yes,2489,"59,25","ALTURA, FRESQUERO",5355,"1288,6",31
MARIA GLORIA,Yes,2763,"28,05","ALTURA, FRESQUERO",02738,851,31
RAFFAELA,Yes,2280,"26,5","ALTURA, FRESQUERO",6224,"624,2",31
GRAN CAPITAN,Yes,1656,"25,43","ALTURA, FRESQUERO",5301,"540,9",31
LEKHAN I,Yes,1865,"18,45","COSTEROS, FRESQUERO",6237,"530,2",21
PONTE DE RANDE,Yes,2243,"79,14","ALTURA, PROC.CONGELADOR",6483,"2963,8",32
ITXAS LUR,Yes,1735,"63,3","ALTURA, PROC.CONGELADOR",6459,"1951,7",32
FONSECA,Yes,1610,"62,4","ALTURA, PROC.CONGELADOR",6567,"2002,7",32
PUENTE MAYOR,Yes,2703,"66,86","ALTURA, PROC.CONGELADOR",02630,"2416,1",32
COALSA SEGUNDO,Yes,1333,"76,2","ALTURA, PROC.CONGELADOR",6211,"2959,7",32
NATALE,Yes,2074,"19,54","ALTURA, FRESQUERO",5151,"330,2",31
SIEMPRE MARIA MADRE,Yes,2470,"13,94","FRESQUERO, RADA O RIA",3936,"128,9",11
FLORIDABLANCA,Yes,1606,"27,67","ALTURA, FRESQUERO",5936,"540,9",31
PANCOCHULO,Yes,0,0,"FRESQUERO, RADA O RIA",02718M,0,11
EL CILINDRO,Yes,0,0,"FRESQUERO, RADA O RIA",03008M,0,11
LA UNION,Yes,0,0,"COSTEROS, FRESQUERO",1688-M,0,21
DON DOMINGO,Yes,1422,"18,2","FRESQUERO, RADA O RIA",6076,"281,9",11
DON PEDRO.,Yes,1458,"73,6","ALTURA, PROC.CONGELADOR",6205,"2369,1",32
STELLA MARIS I.,Yes,2504,"68,2","ALTURA, PROC.CONGELADOR",6576,"1946,3",32
TANGO I,Yes,2709,"50,4","ALTURA, PROC.CONGELADOR",02724,1302,32
FRANCA,Yes,1612,"27,29","ALTURA, FRESQUERO",5926,"492,6",31
CHATKA I,Yes,0,"16,73","COSTEROS, FRESQUERO",02893,"194,6",21
ARPLATA II,Yes,1163,"13,33","FRESQUERO, RADA O RIA",0632,0,11
SANTA BARBARA (02339M),Yes,0,0,"FRESQUERO, RADA O RIA",02339M,0,11
BENIAMINO I,Yes,0,0,"FRESQUERO, RADA O RIA",02666M,0,11
HUAFENG 819,Yes,0,"23,82","ALTURA, FRESQUERO",6032,"652,3",31
NATALIA,Yes,2075,"68,45","ALTURA, PROC.CONGELADOR",02066,"1778,5",32
PESCARGEN IV,Yes,2217,"63,2","ALTURA, PROC.CONGELADOR",6223,"1602,7",32
FABIAN K,Yes,0,0,"FRESQUERO, RADA O RIA",02244,0,11
SAN MATEO.,Yes,0,"9,8","COSTEROS, FRESQUERO",1962,180,21
SOLE MIO,Yes,2495,"12,95","FRESQUERO, RADA O RIA",6226,"281,9",11
ALDEBARAN,Yes,1038,"26,42","ALTURA, FRESQUERO",4716,"425,5",31
DON MIGUEL,Yes,1447,"20,09","FRESQUERO, RADA O RIA",4563,320,11
ESKUBYDU,Yes,0,0,"FRESQUERO, RADA O RIA",03024,0,11
BORRASCA,Yes,1218,"39,16","ALTURA, PROC.CONGELADOR",5241,"1083,2",32
ARRUFO,Yes,1165,"39,16","ALTURA, PROC.CONGELADOR",5239,1102,32
PAKU,Yes,2186,"39,16","ALTURA, PROC.CONGELADOR",5211,"1087,2",32
BOGAVANTE SEGUNDO,Yes,2743,"37,45","ALTURA, PROC.CONGELADOR",02994,"867,1",32
MINCHOS OCTAVO,Yes,2744,"39,3","ALTURA, PROC.CONGELADOR",03022,"578,5",32
PEDRITO,Yes,0,"39,92","ALTURA, FRESQUERO",6060,"1201,3",31
TOZUDO,Yes,2566,"26,74","ALTURA, FRESQUERO",6040,"624,2",31
XIN SHI JI N° 99,Yes,2674,"65,1","ALTURA, PROC.CONGELADOR",02181,"2173,2",32
XIN SHI JI 26,Yes,0,"70,5","ALTURA, PROC.CONGELADOR",03144,0,32
GOLFO SAN MATIAS,Yes,1653,"24,46","ALTURA, FRESQUERO",5353,"503,4",31
ANGELO PADRE,Yes,1086,"15,3","FRESQUERO, RADA O RIA",4506,"330,2",11
NUEVO SIEMPRE GAUCHO,Yes,2133,"16,85","FRESQUERO, RADA O RIA",4582,"350,3",11
MARIA ALEJANDRA 1º,Yes,2750,"39,2","ALTURA, PROC.CONGELADOR",03074,0,32
JOSÉ AMÉRICO,Yes,2756,"44,21","ALTURA, PROC.CONGELADOR",03071,0,32
RASMUS EFFERSOE,Yes,2771,"39,78","ALTURA, PROC.CONGELADOR",02703,"2214,8",32
ARBUMASA XVI,Yes,1119,"36,4","ALTURA, PROC.CONGELADOR",6366,1047,32
ARBUMASA XVIII,Yes,1121,"36,4","ALTURA, PROC.CONGELADOR",6452,"869,8",32
ARGENOVA XXV,Yes,2740,"39,7","ALTURA, PROC.CONGELADOR",02811,"859,1",32
ARBUMASA XIV,Yes,1116,"36,4","ALTURA, PROC.CONGELADOR",6221,1047,32
ARGENOVA XXIV,Yes,2731,"38,8","ALTURA, PROC.CONGELADOR",02752,"675,2",32
ARGENOVA XXVI,Yes,2739,"37,15","ALTURA, PROC.CONGELADOR",02849,"1085,9",32
VIEIRASA DIECISEIS,Yes,2616,"36,13","ALTURA, PROC.CONGELADOR",6412,702,32
ANTONIO ALVAREZ,Yes,1100,"36,6","ALTURA, PROC.CONGELADOR",6196,"1167,8",32
MARA I,Yes,1960,"35,31","ALTURA, PROC.CONGELADOR",6129,"1209,4",32
ARGENOVA XXIII,Yes,2707,"37,19","ALTURA, PROC.CONGELADOR",02713,"677,9",32
VALIENTE II,Yes,2718,"35,3","ALTURA, PROC.CONGELADOR",6185,"1001,3",32
JUEVES SANTO,Yes,1762,"39,5","ALTURA, PROC.CONGELADOR",6255,"1244,3",32
MYRDOMA F,Yes,2735,"38,55","ALTURA, PROC.CONGELADOR",02771,"1429,5",32
LUCA SANTINO,Yes,0,"26,31","ALTURA, FRESQUERO",03121,0,31
MAR AUSTRAL I,Yes,1937,"37,6","ALTURA, PROC.CONGELADOR",6078,990,32
SUEMAR,Yes,2722,"36,6","ALTURA, PROC.CONGELADOR",6186,"1167,8",32
MARIA LILIANA,Yes,1996,"53,75","ALTURA, PROC.CONGELADOR",5444,"1648,3",32
EMPESUR VI,Yes,2749,"35,03","ALTURA, PROC.CONGELADOR",02983,"1288,6",32
MIRIAM,Yes,2051,"36,35","ALTURA, PROC.CONGELADOR",6591,"1445,6",32
CONARPESA I,Yes,1344,"52,5","ALTURA, PROC.CONGELADOR",5404,"1481,9",32
FERNANDO ALVAREZ,Yes,1597,"36,6","ALTURA, PROC.CONGELADOR",6342,"1167,8",32
ALVAREZ ENTRENA II,Yes,1056,"39,5","ALTURA, PROC.CONGELADOR",02465,"987,9",32
ALVAREZ ENTRENA I,Yes,1055,"39,43","ALTURA, PROC.CONGELADOR",02454,988,32
MIERCOLES SANTO,Yes,2041,"38,5","ALTURA, PROC.CONGELADOR",6254,1244,32
PEVEGASA QUINTO,Yes,2225,"38,65","ALTURA, PROC.CONGELADOR",02312,"739,6",32
ALVER,Yes,1058,"35,03","ALTURA, PROC.CONGELADOR",01576,"840,3",32
MARIA EUGENIA,Yes,1989,"51,95","ALTURA, PROC.CONGELADOR",5425,"1503,4",32
ANTONINO,Yes,1099,"27,6","ALTURA, FRESQUERO",6317,"540,9",31
FEIXA,Yes,1592,"41,5","ALTURA, FRESQUERO",6227,"1100,7",31
ARGENOVA I,Yes,1137,35,"ALTURA, PROC.CONGELADOR",02180,655,32
ARGENOVA XXII,Yes,2713,"37,7","ALTURA, PROC.CONGELADOR",02714,"663,1",32
PENSACOLA I,Yes,2207,"25,2","ALTURA, FRESQUERO",5804,"379,9",31
NUEVO ANITA,Yes,2128,"30,9","ALTURA, PROC.CONGELADOR",02100,"765,1",32
ESTRELLITA,Yes,1578,"15,38","FRESQUERO, RADA O RIA",4094,"296,6",11
SIEMPRE DON JOSE MOSCUZZA,Yes,2460,38,"ALTURA, PROC.CONGELADOR",02257,"1127,5",32
SIN LIMITE,Yes,2486,"14,87","COSTEROS, FRESQUERO",2531,0,21
GERMAN,Yes,0,0,"FRESQUERO, RADA O RIA",03072M,0,11
GRECO,Yes,0,0,"FRESQUERO, RADA O RIA",01314M,0,11
RIA MAR,Yes,2304,"12,98","FRESQUERO, RADA O RIA",01775,"197,3",11
VALENTINO,Yes,0,0,"FRESQUERO, RADA O RIA",02839,0,11
PACU II,Yes,2183,"10,95","FRESQUERO, RADA O RIA",02612,259,11
MADRE SELVA I,Yes,1917,"12,95","FRESQUERO, RADA O RIA",02597,324,11
MIS AMORES I,Yes,0,0,"FRESQUERO, RADA O RIA",02570M,0,11
ETERNO JORGE PADRE I,Yes,0,0,"FRESQUERO, RADA O RIA",02715,0,11
FRANCY,Yes,1617,"13,6","FRESQUERO, RADA O RIA",2021,0,11
ATLANTICO I,Yes,0,0,"FRESQUERO, RADA O RIA",02541M,0,11
MELLINO II,Yes,0,"38,91","ALTURA, FRESQUERO",5099,"794,6",31
YAEL,Yes,0,0,"FRESQUERO, RADA O RIA",02861,0,11
7 DE AGOSTO,Yes,1012,"9,9","FRESQUERO, RADA O RIA",01641M,200,11
VIRGEN DE ITATI,Yes,0,"9,88","FRESQUERO, RADA O RIA",02621,200,11
DIEGO AGUSTIN,Yes,0,0,"FRESQUERO, RADA O RIA",02841,0,11
ENZO I,Yes,0,"9,86","FRESQUERO, RADA O RIA",02653M,0,11
DON DANIEL,Yes,0,0,"FRESQUERO, RADA O RIA",03043,0,11
EL PADRINO,Yes,0,0,"FRESQUERO, RADA O RIA",01082M,0,11
ROCIO G,Yes,0,"9,98","FRESQUERO, RADA O RIA",0587,140,11
JORGE DANIEL,Yes,0,"9,86","FRESQUERO, RADA O RIA",02592,"311,4",11
ENRICO I,Yes,0,0,"ALTURA, FRESQUERO",03091,0,31
BETTY I,Yes,0,0,"FRESQUERO, RADA O RIA",03021,0,11
ARGENOVA XIV,Yes,1149,"52,3","ALTURA, PROC.CONGELADOR",6010,"1351,7",32
PROMARSA III,Yes,0,"35,84","ALTURA, PROC.CONGELADOR",02096,"1061,7",32
MALVINAS ARGENTINAS,Yes,1931,"28,4","ALTURA, FRESQUERO",5704,"457,7",31
BUENA PESCA,Yes,2717,"39,1","ALTURA, PROC.CONGELADOR",01475,"1479,2",32
LI EM,Yes,0,0,"FRESQUERO, RADA O RIA",02760,0,11
ATLANTICO 1,Yes,0,"39,95","ALTURA, PROC.CONGELADOR",03162,0,32
API VI,Yes,2734,"36,35","ALTURA, PROC.CONGELADOR",02812,"1201,3",32
BAHIA DESVELOS,Yes,1194,"37,05","ALTURA, PROC.CONGELADOR",6162,"790,6",32
MAR MARÍA,Yes,2738,"37,8","ALTURA, PROC.CONGELADOR",02960,"1248,3",32
ARGENOVA II,Yes,1138,"38,5","ALTURA, PROC.CONGELADOR",02177,"1167,8",32
ARGENOVA VI,Yes,1143,35,"ALTURA, PROC.CONGELADOR",02179,655,32
GLADIADOR,Yes,1649,"12,95","FRESQUERO, RADA O RIA",589,140,11
OTRO SOL,Yes,2177,"13,45","FRESQUERO, RADA O RIA",01106M,0,11
MARIA CANDIDA,Yes,0,0,"FRESQUERO, RADA O RIA",02658M,0,11
STEFI,Yes,2501,"6,7","COSTEROS, FRESQUERO",1897,70,21
COCODRILO I,Yes,0,0,"FRESQUERO, RADA O RIA",02545M,0,11
SIEMPRE CORMORAN,Yes,0,0,"FRESQUERO, RADA O RIA",03147M,0,11
PUENTE CHICO,Yes,2263,37,"ALTURA, PROC.CONGELADOR",6528,"1174,5",32
SAN ANDRES APOSTOL,Yes,2340,"54,56","ALTURA, FRESQUERO",5900,"2268,5",31
CHIYO MARU Nº 3,Yes,2745,"52,8","ALTURA, PROC.CONGELADOR",02987,"936,9",32
LEAL,Yes,1863,"27,45","ALTURA, FRESQUERO",5914,"601,3",31
PUENTE SAN JORGE,Yes,2265,"35,3","ALTURA, PROC.CONGELADOR",6095,"1001,3",32
TUYU PESCA I,Yes,2578,16,"FRESQUERO, RADA O RIA",2411,0,11
TUYUPESCA II,Yes,0,0,"FRESQUERO, RADA O RIA",0772M,0,11
XEITOSIÑO,Yes,2668,"51,72","ALTURA, PROC.CONGELADOR",6307,1502,32
UCHI,Yes,2580,"54,23","ALTURA, PROC.CONGELADOR",5149,"1551,7",32
CABO TRES PUNTAS,Yes,1242,"31,43","ALTURA, FRESQUERO",6031,"720,8",31
SAN ANTONIO.,Yes,2344,"13,65","FRESQUERO, RADA O RIA",4454,"210,7",11
BENJAMIN,Yes,0,0,"FRESQUERO, RADA O RIA",02838M,0,11
LA CRISTINA,Yes,1799,"6,7","FRESQUERO, RADA O RIA",1534-M,60,11
DAMARIS,Yes,1383,"6,7","FRESQUERO, RADA O RIA",1965,0,11
STELLA MARYS,Yes,0,0,NO IDENTIFICADO,03099M,0,99
LA GAVIOTA,Yes,1812,"6,28","FRESQUERO, RADA O RIA",01682-M,60,11
DON REINALDO,Yes,0,0,"FRESQUERO, RADA O RIA",02226M,0,11
EL AUDAZ,Yes,0,0,"FRESQUERO, RADA O RIA",02533-M,0,11
DAMIAN,Yes,1384,7,"COSTEROS, FRESQUERO",1956,0,21
RAPTOR,Yes,2282,"6,7","FRESQUERO, RADA O RIA",01507-M,40,11
PUNTA MOGOTES,Yes,2272,"20,2","COSTEROS, FRESQUERO",4975,"386,6",21
SIEMPRE SANTA ROSA,Yes,2476,"27,8","ALTURA, FRESQUERO",5879,"547,7",31
MESSINA I,Yes,2038,"27,29","ALTURA, FRESQUERO",5899,"649,7",31
RAFA I,Yes,0,0,"FRESQUERO, RADA O RIA",02404M,0,11
NO TE APICHONES,Yes,2099,"8,2","FRESQUERO, RADA O RIA",01709,130,11
LA PAULINA II,Yes,0,0,"FRESQUERO, RADA O RIA",03059,0,11
THE BROTHER,Yes,0,0,"FRESQUERO, RADA O RIA",02445M,0,11
LA ATREVIDA,Yes,1793,"5,95","COSTEROS, FRESQUERO",1879-M,70,21
LA BRUJA,Yes,1796,"6,38","COSTEROS, FRESQUERO",1840-M,60,21
PAJARO,Yes,0,0,"FRESQUERO, RADA O RIA",01973M,0,11
DON JUAN,Yes,1437,27,"COSTEROS, FRESQUERO",18375,425,21
TOBI I,Yes,0,0,"FRESQUERO, RADA O RIA",02636M,0,11
MARINA I,Yes,2012,"7,8","FRESQUERO, RADA O RIA",01898M,130,11
DON LOPEZ,Yes,1442,"6,38","FRESQUERO, RADA O RIA",01770M,0,11
AGUSTIN.,Yes,1022,0,"FRESQUERO, RADA O RIA",01964M,0,11
MI LUCHA,Yes,2039,"14,1","FRESQUERO, RADA O RIA",4588,200,11
CORAJE,Yes,1359,"28,28","ALTURA, FRESQUERO",5653,"425,5",31
NDDANDDU,Yes,2082,"28,2","ALTURA, PROC.CONGELADOR",5956,"856,4",32
DON JUAN II,Yes,1439,"7,8","FRESQUERO, RADA O RIA",01911M,60,11
EL MATI,Yes,1518,"6,28","FRESQUERO, RADA O RIA",1537-M,60,11
SABELO,Yes,0,0,"FRESQUERO, RADA O RIA",02513M,0,11
FEYNIMA,Yes,0,0,"FRESQUERO, RADA O RIA",02442M,0,11
NUEVA STELLA MARIS,Yes,0,"6,38","COSTEROS, FRESQUERO",1801-M,0,21
ALEXANDER,Yes,1041,"6,23","COSTEROS, FRESQUERO",1893-M,0,21
ADRIANA,Yes,1019,"8,35","FRESQUERO, RADA O RIA",01498QU,40,11
EL CAPO,Yes,0,0,"FRESQUERO, RADA O RIA",02675M,0,11
GUILLERMO G,Yes,0,0,"FRESQUERO, RADA O RIA",02961,0,11
GIANLUCA G,Yes,0,0,"FRESQUERO, RADA O RIA",02920,0,11
DON PACO,Yes,0,"9,89","FRESQUERO, RADA O RIA",01640M,"198,7",11
DON TORIBIO,Yes,0,0,"COSTEROS, FRESQUERO",02913,0,21
SIEMPRE AGUSTINA,Yes,0,0,"FRESQUERO, RADA O RIA",02928,0,11
tt,Yes,0,"16,92","FRESQUERO, RADA O RIA",02614,"436,2",11
MARIA ELENA,Yes,0,"9,86","FRESQUERO, RADA O RIA",02571,"355,7",11
MICAELA R,Yes,0,0,"FRESQUERO, RADA O RIA",02918,0,11
CLAUDIO,Yes,0,"9,9","FRESQUERO, RADA O RIA",02578,"330,2",11
JULIANA S,Yes,0,0,"FRESQUERO, RADA O RIA",02985,0,11
NEREA,Yes,0,"9,9","FRESQUERO, RADA O RIA",02579,0,11
NESTOR V,Yes,0,0,"FRESQUERO, RADA O RIA",03064,0,11
NATANAEL I,Yes,0,0,"FRESQUERO, RADA O RIA",02956,0,11
DESAFIO,Yes,1398,"29,56","ALTURA, FRESQUERO",6125,"849,7",31
LANZA SECA,Yes,1852,"24,8","ALTURA, FRESQUERO",5424,"514,1",31
SAN MATIAS.,Yes,0,"34,1","ALTURA, FRESQUERO",5226,"775,8",31
DON ANTONIO,Yes,1411,"27,8","ALTURA, FRESQUERO",5878,549,31
LUCIA LUISA,Yes,1897,"27,9","ALTURA, FRESQUERO",5764,"463,1",31
MAR SUR,Yes,1957,"36,4","ALTURA, PROC.CONGELADOR",5965,"888,6",32
ANAFE,Yes,0,0,"FRESQUERO, RADA O RIA",02145,0,11
REMIX,Yes,0,"6,38","FRESQUERO, RADA O RIA",0597-M,50,11
ESTRELLA DEL MAR.,Yes,1572,"8,05","COSTEROS, FRESQUERO",1945-M,0,21
LOS HERMANOS,Yes,1886,"6,38","FRESQUERO, RADA O RIA",1677,0,11
STELLA MARIS (02833M),Yes,0,0,"FRESQUERO, RADA O RIA",02833M,0,11
ASI SOY,Yes,0,6,"FRESQUERO, RADA O RIA",1367-M,40,11
EL QUILMEÑO,Yes,0,6,"FRESQUERO, RADA O RIA",0647-M,40,11
QUILMEÑO I,Yes,0,6,"FRESQUERO, RADA O RIA",01961M,40,11
CAMERIGE,Yes,1252,"27,9","ALTURA, FRESQUERO",5863,"652,3",31
LA NUEVA FURTIVA,Yes,0,0,"FRESQUERO, RADA O RIA",02958M,0,11
LA AMISTAD,Yes,1792,0,"COSTEROS, FRESQUERO",1665-M,0,21
MARIA DEL CARMEN (01808M),Yes,0,0,"FRESQUERO, RADA O RIA",1808M,0,11
LA NUEVA ADRIANA,Yes,1826,8,"FRESQUERO, RADA O RIA",01298-M,100,11
DOÑA MARIA (02760M),Yes,1486,0,"FRESQUERO, RADA O RIA",02760M,0,11
REMIX IV,Yes,2292,"6,38","FRESQUERO, RADA O RIA",1209-M,40,11
MISS PATAGONIA,Yes,2055,"28,2","ALTURA, PROC.CONGELADOR",5972,"667,1",32
CAPITAN GIACHINO,Yes,1260,"38,42","ALTURA, PROC.CONGELADOR",5703,"1061,7",32
HUAFENG 818,Yes,0,"24,88","ALTURA, FRESQUERO",5706,"425,5",31
HUAFENG 821,Yes,2766,"24,85","ALTURA, FRESQUERO",5771,494,31
CIUDAD DE HUELVA,Yes,1324,"27,45","ALTURA, FRESQUERO",5861,"425,5",31
ROSARIO G,Yes,2326,"26,74","ALTURA, PROC.CONGELADOR",5871,"425,5",32
FELIX AUGUSTO,Yes,1595,"27,8","ALTURA, PROC.CONGELADOR",5846,"601,3",32
LA MARTINA,Yes,0,0,"FRESQUERO, RADA O RIA",02463M,0,11
TABEIRON,Yes,2529,"34,15","ALTURA, PROC.CONGELADOR",02233,"888,6",32
EMPESUR V,Yes,2705,"30,52","ALTURA, PROC.CONGELADOR",02650,"1369,1",32
ROCIO DEL MAR,Yes,2313,"22,6","ALTURA, FRESQUERO",6089,"540,9",31
EMPESUR VII,Yes,2754,"35,03","ALTURA, PROC.CONGELADOR",03045,"1289,9",32
MAR CORAL,Yes,2768,"35,53","ALTURA, PROC.CONGELADOR",03118,0,32
ARBUMASA X,Yes,1114,"35,3","ALTURA, PROC.CONGELADOR",6183,"1087,2",32
ARBUMASA XV,Yes,1118,"36,4","ALTURA, PROC.CONGELADOR",6239,"869,8",32
ARBUMASA XIX,Yes,1117,"36,4","ALTURA, PROC.CONGELADOR",6440,"869,8",32
ARGENOVA IV,Yes,1140,"36,26","ALTURA, PROC.CONGELADOR",02157,"675,2",32
ARGENOVA IX,Yes,1141,"32,5","ALTURA, PROC.CONGELADOR",02328,"550,3",32
ARGENOVA X,Yes,1146,"32,5","ALTURA, PROC.CONGELADOR",02329,"550,3",32
ARBUMASA I,Yes,1112,"35,3","ALTURA, PROC.CONGELADOR",6094,"1001,3",32
ARBUMASA XVII,Yes,1120,"36,4","ALTURA, PROC.CONGELADOR",6367,"869,8",32
ENTRENA UNO,Yes,1551,"33,1","ALTURA, PROC.CONGELADOR",02069,"838,9",32
BOUCIÑA,Yes,1221,0,"ALTURA, PROC.CONGELADOR",,0,32
API X,Yes,2769,"36,39","ALTURA, PROC.CONGELADOR",03191,"1877,4",21
NINA,Yes,2770,44,"ALTURA, PROC.CONGELADOR",03171,1620,32
ESPARDEL,Yes,2773,"28,7","ALTURA, FRESQUERO",,1341,31
ARESIT,Yes,1134,"36,26","ALTURA, PROC.CONGELADOR",,1085,32
ALVAREZ ENTRENA VI,Yes,2774,"30,5","ALTURA, PROC.CONGELADOR",,1033,32
NIÑO JESUS DE PRAGA,Yes,2775,"27,74","ALTURA, FRESQUERO",03194,1180,31
FEDERICO C,Yes,2776,"37,68","ALTURA, PROC.CONGELADOR",,1400,32
API VIII,Yes,2778,"36,39","ALTURA, PROC.CONGELADOR",,"1877,4",32
API XII,Yes,2782,"43,4","ALTURA, PROC.CONGELADOR",,"1877,4",32
ALAVAREZ ENTRENA III,Yes,2783,"31,9","ALTURA, PROC.CONGELADOR",,"700,7",32
JUAN ALVAREZ,Yes,1755,"36,6","ALTURA, PROC.CONGELADOR",6192,"1167,8",32
,No,,,,,,