Id;CodObs;Buque;Especie;Flota;Fecha_Zarpada;Fecha_Arribo;DiasNavegados;NroMarea;Validada;SinEtapas;NroInformeDni;Comentarios;Prospeccion;InicioProspeccion;FinProspeccion;NroEtapa;FechaInicioCI;FechaFinCI
20;9465;MISS TIDE;VIEIRA;ALTURA-PROC-CONGELADOR;4/10/2024;20/10/2024;17;153/2024;VERDADERO;VERDADERO;;;FALSO;;;;;
22;7610;ATLANTIC SURF III;VIEIRA;ALTURA-PROC-CONGELADOR;4/10/2024;13/11/2024;41;152/2024;VERDADERO;VERDADERO;;;FALSO;;;;;
23;186;ERIN BRUCE II;VIEIRA;ALTURA-PROC-CONGELADOR;15/10/2024;2/11/2024;19;155/2024;VERDADERO;VERDADERO;;;FALSO;;;;;
24;7729;TAI AN;MERLUZA AUSTRAL;ALTURA-PROC-CONGELADOR;18/9/2024;30/10/2024;43;143/2024;VERDADERO;VERDADERO;;;FALSO;;;;;
26;9480;CAPESANTE;VIEIRA;ALTURA-PROC-CONGELADOR;19/10/2024;25/11/2024;38;158/2024;VERDADERO;VERDADERO;;;FALSO;;;;;
27;7796;ARGENTINO;MERLUZA;ALTURA-FRESQUERO;1/1/2025;13/10/2024;6;154/2024;VERDADERO;VERDADERO;;;FALSO;;;;;
29;7627;PRINCIPE AZUL;ANCHOITA;ALTURA-FRESQUERO;21/10/2024;29/11/2024;25;CI;VERDADERO;VERDADERO;;;FALSO;;;;;
32;7838;ECHIZEN MARU;MERLUZA AUSTRAL;ALTURA-PROC-CONGELADOR;10/10/2024;3/12/2024;55;151/2024;VERDADERO;VERDADERO;;;FALSO;;;;;
33;183;ATLANTIC EXPRESS;CENTOLLA;ALTURA-PROC-CONGELADOR;4/10/2024;28/10/2024;25;CI;VERDADERO;VERDADERO;;;FALSO;;;;;
34;9461;TANGO II;CENTOLLA;ALTURA-PROC-CONGELADOR;8/10/2024;29/10/2024;22;CI;VERDADERO;VERDADERO;;;FALSO;;;;;
36;190;CHIYO MARU NO.3;CENTOLLA;ALTURA-PROC-CONGELADOR;2/8/2024;15/12/2024;136;CI;VERDADERO;FALSO;;;FALSO;;;;;
37;7828;TANGO II;CENTOLLA;ALTURA-PROC-CONGELADOR;8/10/2024;29/10/2024;22;CI;VERDADERO;VERDADERO;;;FALSO;;;;;
38;7841;DUKAT;CENTOLLA;ALTURA-PROC-CONGELADOR;3/10/2024;26/10/2024;24;CI;VERDADERO;VERDADERO;;;FALSO;;;;;
41;9465;MISS TIDE;VIEIRA;ALTURA-PROC-CONGELADOR;23/10/2024;8/11/2024;17;159/2024;VERDADERO;VERDADERO;;;FALSO;;;;;
43;7726;VALERIA DEL ATLANTICO;MERLUZA AUSTRAL;ALTURA-PROC-CONGELADOR;1/11/2024;12/12/2024;42;160/2024;VERDADERO;VERDADERO;;;FALSO;;;;;
45;183;ATLANTIC EXPRESS;CENTOLLA;ALTURA-PROC-CONGELADOR;2/11/2024;23/11/2024;22;162/2024;VERDADERO;VERDADERO;;;FALSO;;;;;
46;7617;TAI AN;MERLUZA AUSTRAL;ALTURA-PROC-CONGELADOR;28/12/2023;1/2/2024;36;161/2023;VERDADERO;FALSO;;;FALSO;;;;;
47;2021;TANGO I;CENTOLLA;ALTURA-PROC-CONGELADOR;4/11/2024;28/11/2024;25;146/2024;VERDADERO;VERDADERO;;;FALSO;;;;;
48;7828;TANGO II;CENTOLLA;ALTURA-PROC-CONGELADOR;31/10/2024;26/11/2024;27;147/2024;VERDADERO;VERDADERO;;;FALSO;;;;;
49;7796;ARGENTINO;MERLUZA;ALTURA-FRESQUERO;1/11/2024;7/11/2024;7;156/2024;VERDADERO;FALSO;;;FALSO;;;;;
51;7624;TALISMAN;CENTOLLA;ALTURA-PROC-CONGELADOR;20/11/2024;10/12/2024;21;166/2024;VERDADERO;VERDADERO;;;FALSO;;;;;
74;7842;TALISMAN;CENTOLLA;ALTURA-PROC-CONGELADOR;3/10/2024;29/10/2024;27;CI;VERDADERO;VERDADERO;;;FALSO;;;;;
75;7842;TALISMAN;CENTOLLA;ALTURA-PROC-CONGELADOR;31/10/2024;2/11/2024;3;CI;VERDADERO;VERDADERO;;;FALSO;;;;;
76;7842;TALISMAN;CENTOLLA;ALTURA-PROC-CONGELADOR;7/11/2024;18/11/2024;12;CI;VERDADERO;VERDADERO;;;FALSO;;;;;
77;7841;DUKAT;CENTOLLA;ALTURA-PROC-CONGELADOR;28/10/2024;22/11/2024;26;145/2024;VERDADERO;VERDADERO;;;FALSO;;;;;
78;7841;DUKAT;CENTOLLA;ALTURA-PROC-CONGELADOR;28/11/2024;10/12/2024;13;145/2024;VERDADERO;VERDADERO;;;FALSO;;;;;
82;73;ARGENOVA XXI;MERLUZA AUSTRAL;ALTURA-PROC-CONGELADOR;5/9/2024;25/9/2024;21;138/2024;VERDADERO;VERDADERO;;;FALSO;;;;;
83;73;ARGENOVA XXI;MERLUZA AUSTRAL;ALTURA-PROC-CONGELADOR;2/10/2024;31/10/2024;30;138/2024;VERDADERO;VERDADERO;;;FALSO;;;;;
92;7796;ARGENTINO;CABALLA;ALTURA-FRESQUERO;17/10/2024;23/10/2024;7;156/2024;VERDADERO;VERDADERO;;;FALSO;;;;;
93;7796;ARGENTINO;CABALLA;ALTURA-FRESQUERO;24/10/2024;31/10/2024;8;156/2024;VERDADERO;VERDADERO;;;FALSO;;;;;
94;7724;ECHIZEN MARU;MERLUZA AUSTRAL;Altura-Proc-Congelador;26/3/2024;15/5/2024;51;47/2024;VERDADERO;VERDADERO;;;FALSO;;;;;
95;7724;ECHIZEN MARU;MERLUZA AUSTRAL;Altura-Proc-Congelador;17/5/2024;2/7/2024;47;78/2024;VERDADERO;FALSO;;;FALSO;;;;;
96;7610;MISS TIDE;VIEIRA;Altura-Proc-Congelador;3/1/2024;23/1/2024;21;7/2024;VERDADERO;FALSO;;;FALSO;;;;;
97;7610;CAPESANTE;VIEIRA;Altura-Proc-Congelador;16/2/2024;24/3/2024;38;26/2024;VERDADERO;FALSO;;;FALSO;;;;;
98;7610;CAPESANTE;VIEIRA;Altura-Proc-Congelador;28/3/2024;9/5/2024;43;49/2024;VERDADERO;FALSO;;;FALSO;;;;;
99;7610;CAPESANTE;VIEIRA;Altura-Proc-Congelador;26/6/2024;7/8/2024;43;101/2024;VERDADERO;FALSO;;;FALSO;;;;;
101;7562;ERIN BRUCE II;VIEIRA;Altura-Proc-Congelador;19/4/2024;13/5/2024;25;60/2024;VERDADERO;FALSO;;;FALSO;;;;;
102;7562;ERIN BRUCE II;VIEIRA;Altura-Proc-Congelador;16/5/2024;5/6/2024;21;79/2024;VERDADERO;FALSO;;;FALSO;;;;;
103;7841;TANGO I;CENTOLLA;Altura-Proc-Congelador;30/12/2023;1/2/2024;34;167/2023;VERDADERO;FALSO;;;FALSO;;;;;
104;7841;TANGO I;CENTOLLA;Altura-Proc-Congelador;4/2/2024;11/3/2024;37;167/2023;VERDADERO;FALSO;;;FALSO;;;;;
105;7841;FEDERICO C;LANGOSTINO;Altura-Proc-Congelador;27/3/2024;14/4/2024;19;55/2024;VERDADERO;FALSO;;;FALSO;;;;;
106;7841;FEDERICO C;LANGOSTINO;Altura-Proc-Congelador;22/5/2024;2/6/2024;12;89/2024;VERDADERO;FALSO;;;FALSO;;;;;
107;7841;FEDERICO C;LANGOSTINO;Altura-Proc-Congelador;4/6/2024;18/6/2024;15;89/2024;VERDADERO;FALSO;;;FALSO;;;;;
108;7841;FEDERICO C;LANGOSTINO;Altura-Proc-Congelador;19/6/2024;28/6/2024;10;89/2024;VERDADERO;FALSO;;;FALSO;;;;;
109;7841;FEDERICO C;LANGOSTINO;Altura-Proc-Congelador;30/6/2024;13/7/2024;14;89/2024;VERDADERO;FALSO;;;FALSO;;;;;
110;7841;FEDERICO C;LANGOSTINO;Altura-Proc-Congelador;16/7/2024;26/7/2024;11;89/2024;VERDADERO;FALSO;;;FALSO;;;;;
113;7149;HOYO MARU 37;CALAMAR;Altura-Proc-Congelador;21/3/2024;16/4/2024;27;45/2024;VERDADERO;FALSO;;;FALSO;;;;;
114;7149;HOYO MARU 37;CALAMAR;Altura-Proc-Congelador;18/4/2024;16/5/2024;29;45/2024;VERDADERO;FALSO;;;FALSO;;;;;
115;7611;LU QING YUAN YU 288;CALAMAR;Altura-Proc-Congelador;29/12/2023;29/1/2024;32;165/2023;VERDADERO;FALSO;;;FALSO;;;;;
116;7611;ARGENTINO;MERLUZA;Altura-Fresquero;19/2/2024;23/2/2024;5;29/2024;VERDADERO;FALSO;;;FALSO;;;;;
117;7611;ARBUMASA XXVII;CALAMAR;Altura-Proc-Congelador;6/3/2024;16/4/2024;42;41/2024;VERDADERO;FALSO;;;FALSO;;;;;
118;7611;MYRDOMA F;LANGOSTINO;Altura-Proc-Congelador;23/5/2024;5/6/2024;14;86/2024;VERDADERO;FALSO;;;FALSO;;;;;
119;7611;MYRDOMA F;LANGOSTINO;Altura-Proc-Congelador;6/6/2024;18/6/2024;13;86/2024;VERDADERO;FALSO;;;FALSO;;;;;
120;7611;MYRDOMA F;LANGOSTINO;Altura-Proc-Congelador;19/6/2024;3/7/2024;15;86/2024;VERDADERO;FALSO;;;FALSO;;;;;
121;7611;MYRDOMA F;LANGOSTINO;Altura-Proc-Congelador;5/7/2024;15/7/2024;11;86/2024;VERDADERO;FALSO;;;FALSO;;;;;
122;7611;MYRDOMA F;LANGOSTINO;Altura-Proc-Congelador;16/7/2024;26/7/2024;11;86/2024;VERDADERO;FALSO;;;FALSO;;;;;
123;7611;MYRDOMA F;LANGOSTINO;Altura-Proc-Congelador;27/7/2024;6/8/2024;11;86/2024;VERDADERO;FALSO;;;FALSO;;;;;
124;7726;ECHIZEN MARU;MERLUZA AUSTRAL;Altura-Proc-Congelador;30/11/2023;6/2/2024;69;157/2023;VERDADERO;FALSO;;;FALSO;;;;;
125;7726;MISS TIDE;VIEIRA;Altura-Proc-Congelador;14/3/2024;16/4/2024;34;44/2024;VERDADERO;FALSO;;;FALSO;;;;;
126;7726;MISS TIDE;VIEIRA;Altura-Proc-Congelador;20/4/2024;22/5/2024;33;63/2024;VERDADERO;FALSO;;;FALSO;;;;;
127;7726;PONTE CORUXO;MERLUZA;Altura-Fresquero;18/6/2024;29/6/2024;12;98/2024;VERDADERO;FALSO;;;FALSO;;;;;
128;7726;PONTE CORUXO;MERLUZA;Altura-Fresquero;3/7/2024;15/7/2024;13;98/2024;VERDADERO;FALSO;;;FALSO;;;;;
129;7726;PONTE CORUXO;MERLUZA;Altura-Fresquero;19/7/2024;28/7/2024;10;98/2024;VERDADERO;FALSO;;;FALSO;;;;;
130;7726;ERIN BRUCE II;VIEIRA;Altura-Proc-Congelador;14/8/2024;3/9/2024;21;129/2024;VERDADERO;FALSO;;;FALSO;;;;;
131;7726;ERIN BRUCE II;VIEIRA;Altura-Proc-Congelador;5/9/2024;10/10/2024;36;139/2024;VERDADERO;FALSO;;;FALSO;;;;;
133;7828;TALISMAN;CENTOLLA;Altura-Proc-Congelador;30/12/2023;3/2/2024;36;163/2023;VERDADERO;FALSO;;;FALSO;;;;;
134;7828;ATLANTIC EXPRESS;CENTOLLA;Altura-Proc-Congelador;23/2/2024;21/3/2024;28;32/2024;VERDADERO;FALSO;;;FALSO;;;;;
135;7828;ARGENTINO;MERLUZA;Altura-Fresquero;29/4/2024;12/5/2024;14;67/2024;VERDADERO;FALSO;;;FALSO;;;;;
136;7828;ARGENTINO;MERLUZA;Altura-Fresquero;13/5/2024;17/5/2024;5;67/2024;VERDADERO;FALSO;;;FALSO;;;;;
137;7828;JOSE AMERICO;LANGOSTINO;Altura-Proc-Congelador;28/7/2024;7/8/2024;11;118/2024;VERDADERO;VERDADERO;;;FALSO;;;;;
138;7828;JOSE AMERICO;LANGOSTINO;Altura-Proc-Congelador;9/8/2024;4/9/2024;27;118/2024;VERDADERO;VERDADERO;;;FALSO;;;;;
140;9465;ATLANTIC SURF III;VIEIRA;Altura-Proc-Congelador;10/1/2024;18/2/2024;40;15/2024;VERDADERO;VERDADERO;;;FALSO;;;;;
141;9465;ATLANTIC SURF III;VIEIRA;Altura-Proc-Congelador;22/2/2024;4/4/2024;43;36/2024;VERDADERO;FALSO;;;FALSO;;;;;
142;9465;ATLANTIC SURF III;VIEIRA;Altura-Proc-Congelador;8/4/2024;30/5/2024;53;57/2024;VERDADERO;FALSO;;;FALSO;;;;;
143;9465;ATLANTIC SURF III;VIEIRA;Altura-Proc-Congelador;26/7/2024;11/9/2024;48;115/2024;VERDADERO;FALSO;;;FALSO;;;;;
144;9465;MISS TIDE;VIEIRA;Altura-Proc-Congelador;4/10/2024;20/10/2024;17;153/2024;VERDADERO;FALSO;;;FALSO;;;;;
145;9465;MISS TIDE;VIEIRA;Altura-Proc-Congelador;23/10/2024;8/11/2024;17;159/2024;VERDADERO;FALSO;;;FALSO;;;;;
146;7612;MINTA;CALAMAR;Altura-Proc-Congelador;8/1/2024;1/2/2024;25;4/2024;VERDADERO;FALSO;;;FALSO;;;;;
147;7612;MINTA;CALAMAR;Altura-Proc-Congelador;2/2/2024;20/2/2024;19;4/2024;VERDADERO;FALSO;;;FALSO;;;;;
148;7612;VIRGEN MARIA;MERLUZA;Altura-Fresquero;6/7/2024;14/7/2024;9;100/2024;VERDADERO;FALSO;;;FALSO;;;;;
149;7612;VIRGEN MARIA;MERLUZA;Altura-Fresquero;16/7/2024;25/7/2024;10;100/2024;VERDADERO;FALSO;;;FALSO;;;;;
150;7612;VIRGEN MARIA;MERLUZA;Altura-Fresquero;27/7/2024;4/8/2024;9;100/2024;VERDADERO;FALSO;;;FALSO;;;;;
151;7612;VIRGEN MARIA;MERLUZA;Altura-Fresquero;7/8/2024;14/8/2024;8;100/2024;VERDADERO;FALSO;;;FALSO;;;;;
152;7836;ATLANTIC SURF III;VIEIRA;Altura-Proc-Congelador;6/1/2024;8/1/2024;3;2/2024;VERDADERO;FALSO;;;FALSO;;;;;
153;7836;NATALIA;CALAMAR;Altura-Proc-Congelador;14/3/2024;22/4/2024;40;42/2024;VERDADERO;FALSO;;;FALSO;;;;;
154;7798;CHIYO MARU NO.3;CENTOLLA;Altura-Proc-Congelador;7/12/2023;14/1/2024;39;154/2023;VERDADERO;FALSO;;;FALSO;;;;;
156;7798;VALERIA DEL ATLANTICO;MERLUZA AUSTRAL;Altura-Proc-Congelador;29/2/2024;9/4/2024;41;37/2024;VERDADERO;FALSO;;;FALSO;;;;;
157;7798;SAN JUAN B;LANGOSTINO;ALTURA-PROC-CONGELADOR;22/5/2024;11/6/2024;21;82/2024;VERDADERO;FALSO;;;FALSO;;;;;
158;7798;SAN JUAN B;LANGOSTINO;ALTURA-PROC-CONGELADOR;12/6/2024;23/6/2024;12;82/2024;VERDADERO;FALSO;;;FALSO;;;;;
159;7798;SAN JUAN B;LANGOSTINO;ALTURA-PROC-CONGELADOR;26/6/2024;13/7/2024;18;82/2024;VERDADERO;FALSO;;;FALSO;;;;;
162;7728;NAVEGANTES III;CALAMAR;Altura-Proc-Congelador;9/1/2024;11/2/2024;34;10/2024;VERDADERO;FALSO;;;FALSO;;;;;
163;7728;NAVEGANTES III;CALAMAR;Altura-Proc-Congelador;14/2/2024;17/3/2024;33;30/2024;VERDADERO;FALSO;;;FALSO;;;;;
164;9442;TANGO II;CENTOLLA;Altura-Proc-Congelador;3/2/2024;6/3/2024;33;18/2024;VERDADERO;FALSO;;;FALSO;;;;;
165;9442;API V;MERLUZA;Altura-Proc-Congelador;13/7/2024;20/8/2024;39;111/2024;VERDADERO;FALSO;;;FALSO;;;;;
166;7842;NATALIA;CALAMAR;Altura-Proc-Congelador;9/1/2024;5/2/2024;28;8/2024;VERDADERO;FALSO;;;FALSO;;;;;
167;7842;NANINA;CALAMAR;Altura-Proc-Congelador;30/4/2024;16/5/2024;17;68/2024;VERDADERO;VERDADERO;;el buque termina la marea el 28/05/2024 pero el 16/05/2024 el obs se desembarca en Rada;FALSO;;;;;
168;7842;GEMINIS;MERLUZA;Altura-Proc-Congelador;29/5/2024;29/6/2024;32;92/2024;VERDADERO;FALSO;;;FALSO;;;;;
169;7842;TALISMAN;CENTOLLA;Altura-Proc-Congelador;27/10/2024;29/10/2024;3;148/2024;VERDADERO;VERDADERO;;no hay zarpada registrada el 27/10/2024 hay una zarpda registrada el 03/10/2024 pero sucede que el obs subió en rada;FALSO;;;;;
170;7842;TALISMAN;CENTOLLA;Altura-Proc-Congelador;31/10/2024;2/11/2024;3;148/2024;VERDADERO;FALSO;;;FALSO;;;;;
171;7842;TALISMAN;CENTOLLA;Altura-Proc-Congelador;7/11/2024;18/11/2024;12;148/2024;VERDADERO;FALSO;;;FALSO;;;;;
172;7831;DUKAT;CENTOLLA;Altura-Proc-Congelador;30/12/2023;3/2/2024;36;162/2023;VERDADERO;FALSO;;;FALSO;;;;;
175;7729;NAVEGANTES;MERLUZA;Altura-Proc-Congelador;10/5/2024;14/6/2024;36;74/2024;VERDADERO;FALSO;;;FALSO;;;;;
176;7729;CERES;MERLUZA;Altura-Proc-Congelador;10/7/2024;9/8/2024;31;108/2024;VERDADERO;FALSO;;;FALSO;;;;;
178;7832;JOSE MARCELO;LANGOSTINO;Altura-Fresquero;11/5/2024;20/5/2024;10;76/2024;VERDADERO;FALSO;;;FALSO;;;;;
179;7832;JOSE MARCELO;LANGOSTINO;Altura-Fresquero;22/5/2024;1/6/2024;11;76/2024;VERDADERO;FALSO;;;FALSO;;;;;
180;7832;UR ERTZA;MERLUZA;Altura-Fresquero;7/8/2024;15/8/2024;9;126/2024;VERDADERO;FALSO;;;FALSO;;;;;
181;7832;UR ERTZA;LANGOSTINO;Altura-Fresquero;17/8/2024;25/8/2024;9;126/2024;VERDADERO;FALSO;;;FALSO;;;;;
182;7832;UR ERTZA;MERLUZA;Altura-Fresquero;30/8/2024;4/9/2024;6;126/2024;VERDADERO;FALSO;;;FALSO;;;;;
183;7832;VALERIA DEL ATLANTICO;MERLUZA AUSTRAL;Altura-Proc-Congelador;30/9/2024;29/10/2024;31;150/2024;VERDADERO;FALSO;;;FALSO;;;;;
184;7730;FEIXA;MERLUZA;Altura-Fresquero;17/1/2024;25/1/2024;9;16/2024;VERDADERO;FALSO;;;FALSO;;;;;
185;7730;FEIXA;MERLUZA;Altura-Fresquero;28/1/2024;4/2/2024;8;16/2024;VERDADERO;FALSO;;;FALSO;;;;;
186;7730;FEIXA;MERLUZA;Altura-Fresquero;8/2/2024;15/2/2024;8;16/2024;VERDADERO;FALSO;;;FALSO;;;;;
187;7730;FEIXA;MERLUZA;Altura-Fresquero;5/3/2024;12/3/2024;8;16/2024;VERDADERO;FALSO;;;FALSO;;;;;
188;7730;EL MARISCO II;MERLUZA;Altura-Fresquero;24/4/2024;4/5/2024;11;64/2024;VERDADERO;FALSO;;;FALSO;;;;;
189;7730;EL MARISCO II;MERLUZA;Altura-Fresquero;10/5/2024;21/5/2024;12;64/2024;VERDADERO;FALSO;;;FALSO;;;;;
190;7730;EL MARISCO II;MERLUZA;Altura-Fresquero;23/5/2024;1/6/2024;10;64/2024;VERDADERO;VERDADERO;;;FALSO;;;;;
191;7730;SIRIUS II;MERLUZA;Altura-Fresquero;6/9/2024;13/9/2024;8;142/2024;VERDADERO;FALSO;;;FALSO;;;;;
192;7730;SIRIUS II;MERLUZA;Altura-Fresquero;17/9/2024;27/9/2024;11;142/2024;VERDADERO;FALSO;;;FALSO;;;;;
193;7730;SIRIUS II;MERLUZA;Altura-Fresquero;2/10/2024;7/10/2024;6;142/2024;VERDADERO;FALSO;;;FALSO;;;;;
194;7730;VIRGEN MARIA;MERLUZA;Altura-Fresquero;3/12/2024;11/12/2024;9;167/2024;VERDADERO;FALSO;;;FALSO;;;;;
195;7616;TALISMAN;CENTOLLA;Altura-Proc-Congelador;6/2/2024;23/2/2024;18;17/2024;VERDADERO;FALSO;;;FALSO;;;;;
196;7616;VALERIA DEL ATLANTICO;MERLUZA AUSTRAL;Altura-Proc-Congelador;10/4/2024;13/4/2024;4;59/2024;VERDADERO;FALSO;;;FALSO;;;;;
197;7616;VALERIA DEL ATLANTICO;MERLUZA AUSTRAL;Altura-Proc-Congelador;21/4/2024;24/5/2024;34;59/2024;VERDADERO;FALSO;;;FALSO;;;;;
198;7616;JOSE AMERICO;LANGOSTINO;Altura-Proc-Congelador;26/6/2024;12/7/2024;17;102/2024;VERDADERO;FALSO;;;FALSO;;;;;
199;7616;JOSE AMERICO;LANGOSTINO;Altura-Proc-Congelador;14/7/2024;27/7/2024;14;102/2024;VERDADERO;FALSO;;;FALSO;;;;;
203;7829;DON LUIS I;CALAMAR;Altura-Proc-Congelador;6/1/2024;31/1/2024;26;5/2024;VERDADERO;FALSO;;;FALSO;;;;;
204;7829;GRACIELA I;MERLUZA;Altura-Fresquero;28/7/2024;4/8/2024;8;117/2024;VERDADERO;FALSO;;;FALSO;;;;;
205;7829;GRACIELA I;MERLUZA;Altura-Fresquero;5/8/2024;11/8/2024;7;117/2024;VERDADERO;FALSO;;;FALSO;;;;;
206;7829;GRACIELA I;MERLUZA;Altura-Fresquero;11/8/2024;19/8/2024;9;117/2024;VERDADERO;FALSO;;;FALSO;;;;;
207;7829;GRACIELA I;MERLUZA;Altura-Fresquero;21/8/2024;27/8/2024;7;117/2024;VERDADERO;FALSO;;;FALSO;;;;;
208;7829;GRACIELA I;MERLUZA;Altura-Fresquero;27/8/2024;2/9/2024;7;117/2024;VERDADERO;FALSO;;;FALSO;;;;;
209;7829;GRACIELA I;MERLUZA;Altura-Fresquero;6/9/2024;13/9/2024;8;140/2024;VERDADERO;FALSO;;;FALSO;;;;;
210;7829;GRACIELA I;MERLUZA;Altura-Fresquero;15/9/2024;22/9/2024;8;140/2024;VERDADERO;FALSO;;;FALSO;;;;;
211;7829;GRACIELA I;MERLUZA;Altura-Fresquero;25/9/2024;4/10/2024;10;140/2024;VERDADERO;FALSO;;;FALSO;;;;;
212;7621;TANGO II;CENTOLLA;Altura-Proc-Congelador;30/12/2023;30/1/2024;32;159/2023;VERDADERO;FALSO;;;FALSO;;;;;
213;7621;CHIYO MARU NO.3;CENTOLLA;Altura-Proc-Congelador;26/2/2024;12/3/2024;16;31/2024;VERDADERO;FALSO;;;FALSO;;;;;
214;7621;NATALIA;CALAMAR;Altura-Proc-Congelador;25/4/2024;24/5/2024;30;65/2024;VERDADERO;FALSO;;;FALSO;;;;;
215;7621;MISS TIDE;VIEIRA;Altura-Proc-Congelador;24/8/2024;27/9/2024;35;132/2024;VERDADERO;FALSO;;;FALSO;;;;;
216;7621;MISS TIDE;VIEIRA;Altura-Proc-Congelador;15/11/2024;16/12/2024;32;165/2024;VERDADERO;FALSO;;;FALSO;;;;;
217;7733;ATLANTIC EXPRESS;CENTOLLA;Altura-Proc-Congelador;6/1/2024;11/1/2024;6;6/2024;VERDADERO;FALSO;;;FALSO;;;;;
218;7733;ATLANTIC EXPRESS;CENTOLLA;Altura-Proc-Congelador;12/1/2024;23/1/2024;12;6/2024;VERDADERO;FALSO;;;FALSO;;;;;
219;7733;ATLANTIC EXPRESS;CENTOLLA;Altura-Proc-Congelador;26/1/2024;20/2/2024;26;6/2024;VERDADERO;FALSO;;;FALSO;;;;;
220;9461;CAPESANTE;VIEIRA;Altura-Proc-Congelador;15/5/2024;23/6/2024;40;77/2024;VERDADERO;FALSO;;;FALSO;;;;;
221;9461;ECHIZEN MARU;MERLUZA AUSTRAL;ALTURA-PROC-CONGELADOR;6/12/2024;4/2/2025;61;168/2024;VERDADERO;VERDADERO;;;FALSO;;;;;
222;9467;COALSA SEGUNDO;MERLUZA;Altura-Proc-Congelador;13/1/2024;25/2/2024;44;12/2024;VERDADERO;FALSO;;;FALSO;;;;;
223;9467;BOGAVANTE SEGUNDO;LANGOSTINO;Altura-Proc-Congelador;27/3/2024;13/4/2024;18;52/2024;VERDADERO;FALSO;;;FALSO;;;;;
224;9467;GRACIELA I;MERLUZA;Altura-Fresquero;11/5/2024;22/5/2024;12;72/2024;VERDADERO;FALSO;;;FALSO;;;;;
225;9467;GRACIELA I;MERLUZA;Altura-Fresquero;25/5/2024;3/6/2024;10;72/2024;VERDADERO;FALSO;;;FALSO;;;;;
233;9467;GEMINIS;MERLUZA;Altura-Proc-Congelador;15/8/2024;14/9/2024;31;128/2024;VERDADERO;FALSO;;;FALSO;;;;;
237;7627;ECHIZEN MARU;MERLUZA AUSTRAL;Altura-Proc-Congelador;9/2/2024;18/3/2024;39;25/2024;VERDADERO;FALSO;;;FALSO;;;;;
238;7627;XEITOSIÑO;MERLUZA;Altura-Proc-Congelador;27/3/2024;27/4/2024;32;54/2024;VERDADERO;FALSO;;;FALSO;;;;;
239;7627;SFIDA;LANGOSTINO;Altura-Fresquero;24/5/2024;29/5/2024;6;85/2024;VERDADERO;FALSO;;;FALSO;;;;;
241;7627;MARIA ALEJANDRA 1º;LANGOSTINO;Altura-Proc-Congelador;11/6/2024;21/6/2024;11;96/2024;VERDADERO;VERDADERO;;;FALSO;;;;;
242;7627;MARIA ALEJANDRA 1º;LANGOSTINO;Altura-Proc-Congelador;22/6/2024;3/7/2024;12;96/2024;VERDADERO;VERDADERO;;;FALSO;;;;;
243;7627;MARIA ALEJANDRA 1º;LANGOSTINO;Altura-Proc-Congelador;5/7/2024;15/7/2024;11;96/2024;VERDADERO;VERDADERO;;;FALSO;;;;;
244;7627;MARIA ALEJANDRA 1º;LANGOSTINO;Altura-Proc-Congelador;16/7/2024;28/7/2024;13;113/2024;VERDADERO;VERDADERO;;;FALSO;;;;;
245;7627;MARIA ALEJANDRA 1º;LANGOSTINO;Altura-Proc-Congelador;29/7/2024;9/8/2024;12;113/2024;VERDADERO;VERDADERO;;;FALSO;;;;;
246;7627;MARIA ALEJANDRA 1º;LANGOSTINO;Altura-Proc-Congelador;10/8/2024;27/8/2024;18;113/2024;VERDADERO;VERDADERO;;;FALSO;;;;;
247;7627;MARIA ALEJANDRA 1º;LANGOSTINO;Altura-Proc-Congelador;28/8/2024;21/9/2024;25;113/2024;VERDADERO;VERDADERO;;;FALSO;;;;;
248;7767;JOSE MARCELO;LANGOSTINO;Altura-Fresquero;22/1/2024;3/2/2024;13;13/2024;VERDADERO;FALSO;;;FALSO;;;;;
249;7767;JOSE MARCELO;LANGOSTINO;Altura-Fresquero;5/2/2024;14/2/2024;10;13/2024;VERDADERO;FALSO;;;FALSO;;;;;
250;7767;JOSE MARCELO;LANGOSTINO;Altura-Fresquero;16/2/2024;24/2/2024;9;13/2024;VERDADERO;FALSO;;;FALSO;;;;;
251;7767;JOSE MARCELO;LANGOSTINO;Altura-Fresquero;28/3/2024;9/4/2024;13;50/2024;VERDADERO;FALSO;;;FALSO;;;;;
252;7767;ARGENTINO;MERLUZA;Altura-Fresquero;18/5/2024;22/5/2024;5;80/2024;VERDADERO;FALSO;;;FALSO;;;;;
253;7767;ARGENTINO;MERLUZA;Altura-Fresquero;23/5/2024;27/5/2024;5;80/2024;VERDADERO;FALSO;;;FALSO;;;;;
254;7767;ARGENTINO;MERLUZA;Altura-Fresquero;29/5/2024;7/6/2024;10;80/2024;VERDADERO;FALSO;;;FALSO;;;;;
255;7767;ARGENTINO;MERLUZA;Altura-Fresquero;13/6/2024;19/6/2024;7;80/2024;VERDADERO;FALSO;;;FALSO;;;;;
256;7767;ARGENTINO;MERLUZA;Altura-Fresquero;20/6/2024;24/6/2024;5;104/2024;VERDADERO;FALSO;;;FALSO;;;;;
257;7767;ARGENTINO;MERLUZA;Altura-Fresquero;26/6/2024;1/7/2024;6;104/2024;VERDADERO;FALSO;;;FALSO;;;;;
258;7767;ARGENTINO;MERLUZA;Altura-Fresquero;5/7/2024;10/7/2024;6;104/2024;VERDADERO;FALSO;;;FALSO;;;;;
259;7767;MARGOT;MERLUZA;Altura-Fresquero;20/8/2024;28/8/2024;9;131/2024;VERDADERO;FALSO;;;FALSO;;;;;
260;7767;MARGOT;MERLUZA;Altura-Fresquero;31/8/2024;5/9/2024;6;131/2024;VERDADERO;FALSO;;;FALSO;;;;;
261;7767;MARGOT;MERLUZA;Altura-Fresquero;7/9/2024;13/9/2024;7;131/2024;VERDADERO;FALSO;;;FALSO;;;;;
262;7767;MARGOT;MERLUZA;Altura-Fresquero;23/9/2024;3/10/2024;11;131/2024;VERDADERO;FALSO;;;FALSO;;;;;
263;7767;MARGOT;MERLUZA;Altura-Fresquero;4/10/2024;12/10/2024;9;131/2024;VERDADERO;FALSO;;;FALSO;;;;;
264;2021;AURORA;CALAMAR;Altura-Proc-Congelador;19/1/2024;14/2/2024;27;9/2024;VERDADERO;FALSO;;;FALSO;;;;;
265;2021;TALISMAN;CENTOLLA;Altura-Proc-Congelador;2/3/2024;4/4/2024;34;39/2024;VERDADERO;FALSO;;;FALSO;;;;;
266;2021;ARGENOVA XXV;LANGOSTINO;Altura-Proc-Congelador;29/4/2024;20/5/2024;22;71/2024;VERDADERO;FALSO;;;FALSO;;;;;
267;2021;ARGENOVA XXIV;LANGOSTINO;Altura-Proc-Congelador;23/5/2024;9/6/2024;18;83/2024;VERDADERO;FALSO;;;FALSO;;;;;
268;2021;ARGENOVA II;LANGOSTINO;Altura-Proc-Congelador;21/7/2024;27/7/2024;7;116/2024;VERDADERO;FALSO;;;FALSO;;;;;
269;2021;ARGENOVA II;LANGOSTINO;Altura-Proc-Congelador;28/7/2024;5/8/2024;9;116/2024;VERDADERO;FALSO;;;FALSO;;;;;
270;2021;ARGENOVA II;LANGOSTINO;Altura-Proc-Congelador;6/8/2024;17/8/2024;12;116/2024;VERDADERO;FALSO;;;FALSO;;;;;
271;2021;ARGENOVA II;LANGOSTINO;Altura-Proc-Congelador;18/8/2024;29/8/2024;12;116/2024;VERDADERO;FALSO;;;FALSO;;;;;
272;9480;ARGENOVA XXI;MERLUZA AUSTRAL;Altura-Proc-Congelador;5/1/2024;25/1/2024;21;3/2024;VERDADERO;FALSO;;;FALSO;;;;;
273;9480;ARGENOVA XXI;MERLUZA AUSTRAL;Altura-Proc-Congelador;27/1/2024;24/2/2024;29;22/2024;VERDADERO;FALSO;;;FALSO;;;;;
274;9480;ARGENOVA XXI;MERLUZA AUSTRAL;Altura-Proc-Congelador;27/2/2024;23/3/2024;26;34/2024;VERDADERO;FALSO;;;FALSO;;;;;
275;9480;TAI AN;MERLUZA AUSTRAL;Altura-Proc-Congelador;6/5/2024;26/6/2024;52;75/2024;VERDADERO;FALSO;;;FALSO;;;;;
276;9480;TAI AN;MERLUZA AUSTRAL;Altura-Proc-Congelador;4/7/2024;5/9/2024;64;105/2024;VERDADERO;FALSO;;;FALSO;;;;;
277;9480;CAPESANTE;VIEIRA;Altura-Proc-Congelador;19/10/2024;25/11/2024;38;158/2024;VERDADERO;FALSO;;;FALSO;;;;;
278;9459;LUCA MARIO;MERLUZA;Altura-Proc-Congelador;4/4/2024;15/5/2024;42;58/2024;VERDADERO;FALSO;;;FALSO;;;;;
279;9459;VENTARRON 1º;MERLUZA;Altura-Proc-Congelador;6/6/2024;5/7/2024;;94/2024;VERDADERO;FALSO;;;FALSO;;;;;
280;9459;DON PEDRO;MERLUZA;Altura-Proc-Congelador;16/8/2024;5/10/2024;51;127/2024;VERDADERO;FALSO;;;FALSO;;;;;
281;9452;HUYU 962;CALAMAR;Altura-Proc-Congelador;31/12/2023;23/1/2024;24;164/2023;VERDADERO;FALSO;;;FALSO;;;;;
282;9452;VIRGEN MARIA;MERLUZA;Altura-Fresquero;6/3/2024;13/3/2024;8;38/2024;VERDADERO;FALSO;;;FALSO;;;;;
283;9452;VIRGEN MARIA;MERLUZA;Altura-Fresquero;15/3/2024;26/3/2024;12;38/2024;VERDADERO;FALSO;;;FALSO;;;;;
284;9452;VIRGEN MARIA;MERLUZA;Altura-Fresquero;28/3/2024;8/4/2024;12;38/2024;VERDADERO;FALSO;;;FALSO;;;;;
285;9452;VIRGEN MARIA;MERLUZA;Altura-Fresquero;11/4/2024;20/4/2024;10;38/2024;VERDADERO;FALSO;;;FALSO;;;;;
286;9452;ATLANTIC SURF III;VIEIRA;Altura-Proc-Congelador;7/6/2024;21/7/2024;45;93/2024;VERDADERO;FALSO;;el buque no arrib el 21/08/2024 sino el 21/07/2024;FALSO;;;;;
287;9452;PONTE DE RANDE;MERLUZA;Altura-Proc-Congelador;5/9/2024;15/10/2024;41;135/2024;VERDADERO;FALSO;;;FALSO;;;;;
288;7624;HUYU 962;CALAMAR;Altura-Proc-Congelador;24/1/2024;12/2/2024;20;19/2024;VERDADERO;FALSO;;;FALSO;;;;;
289;7624;HUYU 962;CALAMAR;Altura-Proc-Congelador;13/2/2024;3/3/2024;20;28/2024;VERDADERO;FALSO;;;FALSO;;;;;
290;7624;HUYU 962;CALAMAR;Altura-Proc-Congelador;5/3/2024;3/4/2024;30;40/2024;VERDADERO;FALSO;;;FALSO;;;;;
291;7624;ALVAREZ ENTRENA V;LANGOSTINO;Altura-Proc-Congelador;24/5/2024;1/6/2024;9;87/2024;VERDADERO;FALSO;;;FALSO;;;;;
292;7624;ARBUMASA XVI;LANGOSTINO;Altura-Proc-Congelador;18/6/2024;27/6/2024;10;97/2024;VERDADERO;FALSO;;;FALSO;;;;;
293;7624;ARBUMASA XVI;LANGOSTINO;Altura-Proc-Congelador;28/6/2024;12/7/2024;15;97/2024;VERDADERO;FALSO;;;FALSO;;;;;
294;7624;ARBUMASA XVI;LANGOSTINO;Altura-Proc-Congelador;13/7/2024;23/7/2024;11;97/2024;VERDADERO;FALSO;;;FALSO;;;;;
295;7624;ARBUMASA XVI;LANGOSTINO;Altura-Proc-Congelador;24/7/2024;3/8/2024;11;97/2024;VERDADERO;FALSO;;;FALSO;;;;;
296;7624;ARBUMASA XVI;LANGOSTINO;Altura-Proc-Congelador;4/8/2024;16/8/2024;13;97/2024;VERDADERO;FALSO;;;FALSO;;;;;
297;7624;ARBUMASA XVI;LANGOSTINO;Altura-Proc-Congelador;17/8/2024;30/8/2024;14;97/2024;VERDADERO;FALSO;;;FALSO;;;;;
298;7624;ARBUMASA XVI;LANGOSTINO;Altura-Proc-Congelador;31/8/2024;19/9/2024;20;97/2024;VERDADERO;FALSO;;;FALSO;;;;;
299;7624;TALISMAN;CENTOLLA;Altura-Proc-Congelador;20/11/2024;10/12/2024;21;166/2024;VERDADERO;FALSO;;;FALSO;;;;;
300;9451;CAPESANTE;VIEIRA;Altura-Proc-Congelador;6/1/2024;13/2/2024;39;1/2024;VERDADERO;FALSO;;;FALSO;;;;;
301;9471;CAPESANTE;VIEIRA;Altura-Proc-Congelador;24/11/2023;3/1/2024;41;148/2023;VERDADERO;FALSO;;;FALSO;;;;;
302;9471;GRACIELA I;MERLUZA;Altura-Fresquero;16/1/2024;27/1/2024;12;11/2024;VERDADERO;FALSO;;;FALSO;;;;;
303;9471;GRACIELA I;MERLUZA;Altura-Fresquero;30/1/2024;8/2/2024;10;11/2024;VERDADERO;FALSO;;;FALSO;;;;;
304;9471;GRACIELA I;MERLUZA;Altura-Fresquero;10/2/2024;18/2/2024;9;11/2024;VERDADERO;FALSO;;;FALSO;;;;;
305;9471;FEIXA;MERLUZA;Altura-Fresquero;17/3/2024;26/3/2024;10;43/2024;VERDADERO;FALSO;;;FALSO;;;;;
306;9471;FEIXA;MERLUZA;Altura-Fresquero;30/3/2024;8/4/2024;10;43/2024;VERDADERO;FALSO;;;FALSO;;;;;
307;9471;FEIXA;MERLUZA;Altura-Fresquero;12/4/2024;21/4/2024;10;43/2024;VERDADERO;FALSO;;;FALSO;;;;;
308;9471;ARRUFO;LANGOSTINO;Altura-Proc-Congelador;23/5/2024;5/6/2024;14;88/2024;VERDADERO;FALSO;;;FALSO;;;;;
309;9471;ARRUFO;LANGOSTINO;Altura-Proc-Congelador;7/6/2024;19/6/2024;13;88/2024;VERDADERO;FALSO;;;FALSO;;;;;
310;9471;ARRUFO;LANGOSTINO;Altura-Proc-Congelador;21/6/2024;3/7/2024;13;88/2024;VERDADERO;FALSO;;;FALSO;;;;;
311;9471;API XII;LANGOSTINO;Altura-Proc-Congelador;6/8/2024;20/8/2024;15;123/2024;VERDADERO;FALSO;;;FALSO;;;;;
312;9471;API XII;LANGOSTINO;Altura-Proc-Congelador;21/8/2024;3/9/2024;14;123/2024;VERDADERO;FALSO;;;FALSO;;;;;
313;9471;JOSE LUCIANO;CABALLA;Altura-Fresquero;13/10/2024;20/10/2024;8;157/2024;VERDADERO;FALSO;;;FALSO;;;;;
314;9471;GRACIELA I;MERLUZA;Altura-Fresquero;16/11/2024;24/11/2024;9;164/2024;VERDADERO;FALSO;;;FALSO;;;;;
315;9437;EL MARISCO II;MERLUZA;Altura-Fresquero;19/3/2024;30/3/2024;12;46/2024;VERDADERO;FALSO;;;FALSO;;;;;
316;9437;EL MARISCO II;MERLUZA;Altura-Fresquero;3/4/2024;9/4/2024;7;46/2024;VERDADERO;FALSO;;;FALSO;;;;;
317;9437;EL MARISCO II;MERLUZA;Altura-Fresquero;12/4/2024;22/4/2024;11;46/2024;VERDADERO;FALSO;;;FALSO;;;;;
318;9437;CENTAURO 2000;LANGOSTINO;Altura-Fresquero;5/7/2024;9/7/2024;5;110/2024;VERDADERO;FALSO;;;FALSO;;;;;
319;9437;CENTAURO 2000;LANGOSTINO;Altura-Fresquero;10/7/2024;15/7/2024;6;110/2024;VERDADERO;FALSO;;;FALSO;;;;;
320;9437;CENTAURO 2000;LANGOSTINO;Altura-Fresquero;15/7/2024;24/7/2024;10;110/2024;VERDADERO;FALSO;;;FALSO;;;;;
321;9437;FERNANDO ALVAREZ;LANGOSTINO;Altura-Proc-Congelador;6/8/2024;19/8/2024;14;124/2024;VERDADERO;FALSO;;;FALSO;;;;;
322;9437;FERNANDO ALVAREZ;LANGOSTINO;Altura-Proc-Congelador;20/8/2024;31/8/2024;12;124/2024;VERDADERO;FALSO;;;FALSO;;;;;
323;9437;ARGENTINO;MERLUZA;Altura-Fresquero;8/10/2024;13/10/2024;6;154/2024;VERDADERO;FALSO;;;FALSO;;;;;
324;9437;ARGENTINO;MERLUZA;Altura-Fresquero;17/10/2024;23/10/2024;7;156/2024;VERDADERO;FALSO;;;FALSO;;;;;
325;9437;ARGENTINO;MERLUZA;Altura-Fresquero;24/10/2024;31/10/2024;8;156/2024;VERDADERO;FALSO;;;FALSO;;;;;
326;9437;ARGENTINO;MERLUZA;Altura-Fresquero;1/11/2024;7/11/2024;7;156/2024;VERDADERO;FALSO;;;FALSO;;;;;
327;7796;CENTURION DEL ATLANTICO;MERLUZA AUSTRAL;ALTURA-PROC-CONGELADOR;12/12/2024;2/1/2025;27;169/2024;FALSO;VERDADERO;;el obs Swartz BAJADO EN RADA;FALSO;;;1;;
328;7625;CHIYO MARU NO.3;CENTOLLA;Altura-Proc-Congelador;16/1/2024;2/2/2024;18;14/2024;VERDADERO;VERDADERO;;EL BUQUE ARRIBO A PUERTO EL 25/02/2024 PERO DESEMBARCO AL OBS EL 02/02/2024 EN RADA;FALSO;;;;;
329;7625;VALERIA DEL ATLANTICO;MERLUZA AUSTRAL;Altura-Proc-Congelador;24/5/2024;9/6/2024;17;81/2024;VERDADERO;FALSO;;;FALSO;;;;;
330;7625;CHIYO MARU NO.3;CENTOLLA;Altura-Proc-Congelador;2/8/2024;11/9/2024;41;122/2024;VERDADERO;FALSO;;;FALSO;;;;;
331;7625;CHIYO MARU NO.3;CENTOLLA;Altura-Proc-Congelador;31/10/2024;11/11/2024;12;163/2024;VERDADERO;FALSO;;DEFINICION DE GUSTAVO POR QUE ES MAREA CI Y COMERCIAL OBS=SILVESTER;FALSO;;;;;
332;7625;CHIYO MARU NO.3;CENTOLLA;Altura-Proc-Congelador;13/11/2024;15/12/2024;33;163/2024;VERDADERO;FALSO;;;FALSO;;;;;
333;8002;JOSE AMERICO;LANGOSTINO;Altura-Proc-Congelador;28/3/2024;26/4/2024;30;53/2024;VERDADERO;FALSO;;;FALSO;;;;;
334;8002;DESTINY;LANGOSTINO;Altura-Proc-Congelador;30/4/2024;19/5/2024;20;69/2024;VERDADERO;FALSO;;;FALSO;;;;;
335;8002;LUIGI;LANGOSTINO;Altura-Proc-Congelador;23/5/2024;13/6/2024;22;90/2024;VERDADERO;FALSO;;;FALSO;;;;;
336;8002;DESTINY;LANGOSTINO;Altura-Proc-Congelador;19/6/2024;2/8/2024;45;99/2024;VERDADERO;FALSO;;;FALSO;;;;;
337;8002;DESTINY;LANGOSTINO;Altura-Proc-Congelador;3/8/2024;13/8/2024;11;121/2024;VERDADERO;VERDADERO;;;FALSO;;;;;
338;8002;DESTINY;LANGOSTINO;Altura-Proc-Congelador;14/8/2024;26/8/2024;13;121/2024;VERDADERO;FALSO;;;FALSO;;;;;
339;7740;TAI AN;MERLUZA AUSTRAL;Altura-Proc-Congelador;3/2/2024;20/3/2024;47;21/2024;VERDADERO;FALSO;;;FALSO;;;;;
340;7740;ARGENOVA XXI;MERLUZA AUSTRAL;Altura-Proc-Congelador;20/4/2024;25/5/2024;36;61/2024;VERDADERO;FALSO;;;FALSO;;;;;
341;7740;GEMINIS;MERLUZA;Altura-Proc-Congelador;2/7/2024;31/7/2024;30;103/2024;VERDADERO;FALSO;;;FALSO;;;;;
344;9474;GEMINIS;MERLUZA;Altura-Proc-Congelador;7/2/2024;13/3/2024;36;27/2024;VERDADERO;FALSO;;;FALSO;;;;;
345;9474;CERES;MERLUZA;Altura-Proc-Congelador;26/4/2024;26/5/2024;31;66/2024;VERDADERO;FALSO;;;FALSO;;;;;
346;9474;CERES;MERLUZA;Altura-Proc-Congelador;29/5/2024;30/6/2024;33;91/2024;VERDADERO;FALSO;;;FALSO;;;;;
347;9474;LUCA MARIO;MERLUZA;Altura-Proc-Congelador;17/7/2024;20/8/2024;35;114/2024;VERDADERO;FALSO;;;FALSO;;;;;
348;9474;LUCA MARIO;MERLUZA;Altura-Proc-Congelador;2/9/2024;9/10/2024;38;134/2024;VERDADERO;FALSO;;;FALSO;;;;;
349;7838;ATREVIDO;MERLUZA;Altura-Fresquero;22/1/2024;29/1/2024;8;20/2024;VERDADERO;FALSO;;;FALSO;;;;;
350;7838;ATREVIDO;MERLUZA;Altura-Fresquero;31/1/2024;7/2/2024;8;20/2024;VERDADERO;FALSO;;;FALSO;;;;;
351;7838;ATREVIDO;MERLUZA;Altura-Fresquero;10/2/2024;17/2/2024;8;20/2024;VERDADERO;FALSO;;;FALSO;;;;;
352;7838;ATREVIDO;MERLUZA;Altura-Fresquero;20/2/2024;1/3/2024;11;20/2024;VERDADERO;FALSO;;;FALSO;;;;;
353;7838;VALIENTE I;LANGOSTINO;Altura-Proc-Congelador;28/3/2024;15/4/2024;19;56/2024;VERDADERO;FALSO;;;FALSO;;;;;
354;7838;BOUCIÑA;LANGOSTINO;Altura-Proc-Congelador;22/5/2024;9/6/2024;19;84/2024;VERDADERO;VERDADERO;;;FALSO;;;;;
355;7838;BOUCIÑA;LANGOSTINO;Altura-Proc-Congelador;11/6/2024;21/6/2024;11;84/2024;VERDADERO;VERDADERO;;ARRIBA EL 21/06 NO EL 23/06;FALSO;;;;;
356;7838;BOUCIÑA;LANGOSTINO;Altura-Proc-Congelador;24/6/2024;14/7/2024;21;84/2024;VERDADERO;VERDADERO;;;FALSO;;;;;
357;7838;FEDERICO C;LANGOSTINO;Altura-Proc-Congelador;8/8/2024;22/8/2024;15;125/2024;VERDADERO;FALSO;;;FALSO;;;;;
358;7838;FEDERICO C;LANGOSTINO;Altura-Proc-Congelador;23/8/2024;14/9/2024;23;125/2024;VERDADERO;FALSO;;;FALSO;;;;;
359;7838;ECHIZEN MARU;MERLUZA AUSTRAL;Altura-Proc-Congelador;10/10/2024;3/12/2024;55;151/2024;VERDADERO;FALSO;;;FALSO;;;;;
360;7742;ARBUMASA XXVII;CALAMAR;Altura-Proc-Congelador;20/4/2024;15/5/2024;26;62/2024;VERDADERO;FALSO;;;FALSO;;;;;
361;7742;JOSE MARCELO;LANGOSTINO;Altura-Fresquero;12/6/2024;18/6/2024;7;95/2024;VERDADERO;FALSO;;;FALSO;;;;;
362;7742;JOSE MARCELO;LANGOSTINO;Altura-Fresquero;20/6/2024;26/6/2024;7;95/2024;VERDADERO;FALSO;;;FALSO;;;;;
363;7742;JOSE MARCELO;LANGOSTINO;Altura-Fresquero;6/7/2024;11/7/2024;6;95/2024;VERDADERO;FALSO;;;FALSO;;;;;
364;7742;JOSE MARCELO;LANGOSTINO;Altura-Fresquero;12/7/2024;19/7/2024;8;95/2024;VERDADERO;FALSO;;;FALSO;;;;;
365;7742;JOSE MARCELO;LANGOSTINO;Altura-Fresquero;20/7/2024;27/7/2024;8;95/2024;VERDADERO;FALSO;;;FALSO;;;;;
366;7742;CENTURION DEL ATLANTICO;MERLUZA AUSTRAL;Altura-Proc-Congelador;2/9/2024;24/9/2024;23;136/2024;VERDADERO;FALSO;;;FALSO;;;;;
367;7742;CENTURION DEL ATLANTICO;MERLUZA AUSTRAL;Altura-Proc-Congelador;26/9/2024;28/10/2024;33;136/2024;VERDADERO;FALSO;;;FALSO;;;;;
368;9476;ANDRES JORGE;MERLUZA;Altura-Fresquero;22/2/2024;3/3/2024;11;35/2024;VERDADERO;FALSO;;;FALSO;;;;;
369;9476;ANDRES JORGE;MERLUZA;Altura-Fresquero;5/3/2024;13/3/2024;9;35/2024;VERDADERO;FALSO;;;FALSO;;;;;
370;9476;ANDRES JORGE;MERLUZA;Altura-Fresquero;15/3/2024;26/3/2024;12;35/2024;VERDADERO;FALSO;;;FALSO;;;;;
371;9476;FEIXA;LANGOSTINO;Altura-Fresquero;2/8/2024;9/8/2024;8;119/2024;VERDADERO;FALSO;;;FALSO;;;;;
372;9476;FEIXA;LANGOSTINO;Altura-Fresquero;9/8/2024;17/8/2024;9;119/2024;VERDADERO;FALSO;;;FALSO;;;;;
373;9476;FEIXA;LANGOSTINO;Altura-Fresquero;18/8/2024;22/8/2024;5;119/2024;VERDADERO;FALSO;;;FALSO;;;;;
374;9476;FEIXA;LANGOSTINO;Altura-Fresquero;23/8/2024;28/8/2024;6;119/2024;VERDADERO;FALSO;;;FALSO;;;;;
375;9476;FEIXA;LANGOSTINO;Altura-Fresquero;28/8/2024;2/9/2024;6;119/2024;VERDADERO;FALSO;;;FALSO;;;;;
376;9476;UR ERTZA;MERLUZA;Altura-Fresquero;6/9/2024;13/9/2024;8;141/2024;VERDADERO;FALSO;;;FALSO;;;;;
377;7837;MATEO I;CALAMAR;Altura-Proc-Congelador;23/2/2024;25/3/2024;32;33/2024;VERDADERO;FALSO;;;FALSO;;;;;
378;7837;ARGENOVA II;LANGOSTINO;Altura-Proc-Congelador;2/5/2024;20/5/2024;19;73/2024;VERDADERO;FALSO;;;FALSO;;;;;
379;7840;DUKAT;CENTOLLA;Altura-Proc-Congelador;6/2/2024;3/3/2024;27;24/2024;VERDADERO;FALSO;;;FALSO;;;;;
380;7840;DUKAT;CENTOLLA;Altura-Proc-Congelador;6/3/2024;9/4/2024;35;24/2024;VERDADERO;FALSO;;;FALSO;;;;;
381;7840;DUKAT;CENTOLLA;Altura-Proc-Congelador;10/4/2024;23/4/2024;14;24/2024;VERDADERO;FALSO;;;FALSO;;;;;
382;7840;ERIN BRUCE II;VIEIRA;Altura-Proc-Congelador;11/7/2024;7/8/2024;28;112/2024;VERDADERO;FALSO;;;FALSO;;;;;
383;7840;VIRGEN MARIA;MERLUZA;Altura-Fresquero;16/8/2024;24/8/2024;9;130/2024;VERDADERO;FALSO;;;FALSO;;;;;
384;7840;CAPESANTE;VIEIRA;Altura-Proc-Congelador;29/8/2024;15/10/2024;48;133/2024;VERDADERO;FALSO;;;FALSO;;;;;
385;7840;ERIN BRUCE II;VIEIRA;Altura-Proc-Congelador;15/10/2024;2/11/2024;19;155/2024;VERDADERO;FALSO;;;FALSO;;;;;
388;7612;HUYU 962;CALAMAR;ALTURA-PROC-CONGELADOR;28/12/2024;16/1/2025;20;173/2024;VERDADERO;VERDADERO;;;FALSO;;;1;;
390;7798;TAI AN;MERLUZA AUSTRAL;ALTURA-PROC-CONGELADOR;3/11/2024;19/12/2024;47;161/2024;VERDADERO;FALSO;;;FALSO;;;;;
392;7842;TALISMAN;CENTOLLA;Altura-Proc-Congelador;3/10/2024;29/10/2024;27;CI;VERDADERO;FALSO;;;FALSO;;;;;
393;2021;TANGO I;CENTOLLA;Altura-Proc-Congelador;6/10/2024;31/10/2024;26;CI;VERDADERO;FALSO;;;FALSO;;;;;
398;2021;TANGO I;CENTOLLA;ALTURA-PROC-CONGELADOR;30/12/2024;27/1/2025;29;176/2024;VERDADERO;FALSO;;;FALSO;;;1;;
399;7842;DUKAT;CENTOLLA;ALTURA-PROC-CONGELADOR;31/12/2024;4/2/2025;36;175/2024;VERDADERO;FALSO;;;FALSO;;;1;;
400;7729;VALERIA DEL ATLANTICO;MERLUZA AUSTRAL;ALTURA-PROC-CONGELADOR;3/1/2025;3/2/2025;32;01/2025;VERDADERO;FALSO;;;FALSO;;;1;;
406;73;GEMINIS;MERLUZA;ALTURA-PROC-CONGELADOR;7/1/2025;28/1/2025;22;05/2025;VERDADERO;VERDADERO;;;FALSO;;;1;;
407;9467;GEMINIS;MERLUZA;ALTURA-PROC-CONGELADOR;4/10/2024;7/10/2024;4;149/2024;VERDADERO;VERDADERO;;;FALSO;;;;;
408;9467;GEMINIS;MERLUZA;ALTURA-PROC-CONGELADOR;4/10/2024;7/10/2024;4;149/2024;VERDADERO;VERDADERO;;;FALSO;;;;;
409;9467;GEMINIS;MERLUZA;ALTURA-PROC-CONGELADOR;12/10/2024;7/11/2024;27;149/2024;VERDADERO;VERDADERO;;;FALSO;;;;;
411;9467;SOHO MARU N 58;CALAMAR;ALTURA-PROC-CONGELADOR;7/1/2025;30/1/2025;24;07/2025;VERDADERO;VERDADERO;;;FALSO;;;1;;
412;9465;MISS TIDE;VIEIRA;ALTURA-PROC-CONGELADOR;6/1/2025;7/2/2025;33;09/2025;VERDADERO;FALSO;;;FALSO;;;1;;
414;7840;DUKAT;CENTOLLA;Altura-Proc-Congelador;23/4/2024;26/4/2024;4;24/2024;VERDADERO;FALSO;;;FALSO;;;;;
416;186;DON LUIS I;CALAMAR;ALTURA-PROC-CONGELADOR;9/1/2025;2/2/2025;25;06/2025;VERDADERO;VERDADERO;;;FALSO;;;1;;
417;4840;ERIN BRUCE II;VIEIRA;ALTURA-PROC-CONGELADOR;9/1/2025;16/2/2025;39;12/2025;VERDADERO;FALSO;;;FALSO;;;1;;
418;7850;NATALIA;CALAMAR;ALTURA-PROC-CONGELADOR;9/1/2025;8/2/2025;31;14/2025;VERDADERO;FALSO;;;FALSO;;;1;;
419;7621;MATEO I;CALAMAR;ALTURA-PROC-CONGELADOR;9/1/2025;2/2/2025;26;11/2025;VERDADERO;FALSO;;;FALSO;;;1;;
423;9474;DON PEDRO;MERLUZA;ALTURA-PROC-CONGELADOR;11/1/2025;7/3/2025;56;04/2025;VERDADERO;VERDADERO;;;FALSO;;;1;;
424;7726;CAPESANTE;VIEIRA;ALTURA-PROC-CONGELADOR;17/1/2025;1/3/2025;44;16/2025;FALSO;VERDADERO;;;FALSO;;;1;;
425;166;ATLANTIC SURF III;VIEIRA;ALTURA-PROC-CONGELADOR;13/1/2025;24/2/2025;43;10/2025;VERDADERO;FALSO;;;FALSO;;;1;;
427;7841;ECHIZEN MARU;MERLUZA AUSTRAL;ALTURA-PROC-CONGELADOR;5/2/2025;7/4/2025;59;28/2025;FALSO;VERDADERO;;;FALSO;;;1;;
428;9467;ATREVIDO;MERLUZA;ALTURA-FRESQUERO;18/2/2025;25/2/2025;8;33/2025;VERDADERO;VERDADERO;;;FALSO;;;1;;
429;2021;TAI AN;MERLUZA AUSTRAL;ALTURA-PROC-CONGELADOR;19/2/2025;11/4/2025;49;32/2025;FALSO;VERDADERO;;;FALSO;;;1;;
430;9465;CHIYO MARU NO.3;CENTOLLA;ALTURA-PROC-CONGELADOR;22/2/2025;26/3/2025;33;37/2025;VERDADERO;VERDADERO;;;FALSO;;;1;;
431;4840;ARGENOVA XXI;MERLUZA AUSTRAL;ALTURA-PROC-CONGELADOR;25/2/2025;30/3/2025;33;35/2025;FALSO;VERDADERO;;;FALSO;;;1;;
434;7621;ATLANTIC SURF III;VIEIRA;ALTURA-PROC-CONGELADOR;1/3/2025;7/4/2025;39;34/2025;VERDADERO;FALSO;;;FALSO;;;1;;
435;190;ATLANTIC EXPRESS;CENTOLLA;ALTURA-PROC-CONGELADOR;6/3/2025;26/3/2025;22;38/2025;VERDADERO;VERDADERO;;;FALSO;;;1;;
436;172;CHIYO MARU NO.3;CENTOLLA;ALTURA-PROC-CONGELADOR;30/12/2024;3/2/2025;36;171/2024;VERDADERO;VERDADERO;;;FALSO;;;1;;
437;172;CHIYO MARU NO.3;CENTOLLA;ALTURA-PROC-CONGELADOR;4/2/2025;19/2/2025;16;171/2024;VERDADERO;VERDADERO;;;FALSO;;;2;;
439;7832;AURORA;CALAMAR;ALTURA-PROC-CONGELADOR;7/3/2025;7/4/2025;33;41/2025;VERDADERO;FALSO;;;FALSO;;;1;;
441;186;DON LUIS I;CALAMAR;ALTURA-PROC-CONGELADOR;4/2/2025;11/3/2025;37;20/2025;VERDADERO;FALSO;;;FALSO;;;1;;
442;7726;CAPESANTE;VIEIRA;ALTURA-PROC-CONGELADOR;6/3/2025;13/4/2025;39;40/2025;FALSO;VERDADERO;;;FALSO;;;1;;
447;7853;HUYU 961;CALAMAR;ALTURA-PROC-CONGELADOR;17/1/2025;9/3/2025;54;18/2025;VERDADERO;FALSO;;;FALSO;;;1;;
449;7845;DUKAT;CENTOLLA;ALTURA-PROC-CONGELADOR;6/2/2025;11/3/2025;35;21/2025;VERDADERO;FALSO;;;FALSO;;;1;;
450;7149;HOYO MARU 37;CALAMAR;ALTURA-PROC-CONGELADOR;31/1/2025;24/3/2025;52;22/2025;VERDADERO;FALSO;;;FALSO;;;1;;
453;7848;TANGO II;CENTOLLA;ALTURA-PROC-CONGELADOR;1/2/2025;26/2/2025;27;25/2025;VERDADERO;FALSO;;;FALSO;;;1;;
455;7854;MINTA;CALAMAR;ALTURA-PROC-CONGELADOR;1/2/2025;8/3/2025;36;27/2025;VERDADERO;FALSO;;;FALSO;;;1;;
456;9476;SIRIUS II;MERLUZA;ALTURA-FRESQUERO;8/2/2025;22/2/2025;15;29/2025;VERDADERO;VERDADERO;;;FALSO;;;1;;
458;7838;VALERIA DEL ATLANTICO;MERLUZA AUSTRAL;ALTURA-PROC-CONGELADOR;13/2/2025;24/3/2025;40;30/2025;VERDADERO;VERDADERO;;;FALSO;;;1;;
459;7844;MISS TIDE;VIEIRA;ALTURA-PROC-CONGELADOR;12/2/2025;20/3/2025;38;31/2025;VERDADERO;FALSO;;ZARPO EL 06/01/2025 SEGURO CAMBIO DE CI A COMERCIAL EN EL AGUA;FALSO;;;1;;
472;7848;NANINA;CALAMAR;ALTURA-PROC-CONGELADOR;24/3/2025;23/4/2025;30;50/2025;FALSO;VERDADERO;;;FALSO;;;1;;
474;7625;CHIYO MARU NO.3;CENTOLLA;Altura-Proc-Congelador;3/10/2024;21/10/2024;19;CI;VERDADERO;VERDADERO;;;FALSO;;;;;
475;7625;CHIYO MARU NO.3;CENTOLLA;Altura-Proc-Congelador;21/10/2024;30/10/2024;;CI;VERDADERO;VERDADERO;;DEFINICION DE GUSTAVO POR QUE ES MAREA CI Y COMERCIAL OBS=SILVESTER;FALSO;;;;;
478;7846;NATALIA;CALAMAR;ALTURA-PROC-CONGELADOR;28/3/2025;5/5/2025;38;53/2025;FALSO;VERDADERO;;;FALSO;;;1;;
480;9461;MARIANELA;ABADEJO;ALTURA-FRESQUERO;11/3/2025;16/3/2025;6;43/2025;VERDADERO;VERDADERO;;;FALSO;;;1;;
481;9461;MARIANELA;ABADEJO;ALTURA-FRESQUERO;19/3/2025;28/3/2025;10;43/2025;VERDADERO;VERDADERO;;;FALSO;;;2;;
486;9471;TOZUDO;ABADEJO;ALTURA-FRESQUERO;11/3/2025;18/3/2025;8;42/2025;VERDADERO;VERDADERO;;;FALSO;;;1;;
487;9471;TOZUDO;ABADEJO;ALTURA-FRESQUERO;21/3/2025;28/3/2025;8;42/2025;VERDADERO;VERDADERO;;;FALSO;;;2;;
493;190;ERIN BRUCE II;VIEIRA;ALTURA-PROC-CONGELADOR;8/4/2025;17/5/2025;36;54/2025;FALSO;VERDADERO;;;FALSO;;;1;;
495;7852;ERIN BRUCE II;VIEIRA;ALTURA-PROC-CONGELADOR;21/2/2025;2/4/2025;41;36/2025;VERDADERO;VERDADERO;;;FALSO;;;1;;
502;73;ECHIZEN MARU;MERLUZA AUSTRAL;ALTURA-PROC-CONGELADOR;9/4/2025;20/5/2025;38;56/2025;FALSO;VERDADERO;;;FALSO;;;1;;
507;7627;HOLMBERG;VIEIRA;ALTURA-PROC-CONGELADOR;16/4/2025;16/5/2025;;CI;FALSO;FALSO;;;FALSO;;;;;
520;9461;CAPESANTE;VIEIRA;ALTURA-PROC-CONGELADOR;17/4/2025;27/5/2025;41;61/2025;FALSO;VERDADERO;;;FALSO;;;1;;
524;166;MISS TIDE;VIEIRA;ALTURA-PROC-CONGELADOR;28/3/2025;30/4/2025;33;51/2025;FALSO;VERDADERO;;;FALSO;;;1;;
525;7724;ARGENOVA XXI;MERLUZA AUSTRAL;ALTURA-PROC-CONGELADOR;1/4/2025;27/4/2025;26;52/2025;FALSO;VERDADERO;;;FALSO;;;1;;
534;7849;VENTARRON 1º;MERLUZA;ALTURA-PROC-CONGELADOR;4/2/2025;10/3/2025;35;26/2025;VERDADERO;VERDADERO;;;FALSO;;;1;;
591;7832;VIEIRASA DIECISIETE;CALAMAR;ALTURA-PROC-CONGELADOR;23/4/2025;14/5/2025;21;58/2025;FALSO;VERDADERO;;;FALSO;;;1;;
599;9480;TAI AN;MERLUZA AUSTRAL;ALTURA-PROC-CONGELADOR;18/4/2025;19/5/2025;31;55/2025;FALSO;VERDADERO;;;FALSO;;;1;;
601;174;VENTARRON 1º;MERLUZA;ALTURA-PROC-CONGELADOR;27/4/2025;31/5/2025;35;64/2025;VERDADERO;VERDADERO;;;FALSO;;;1;;
602;7798;ARGENOVA XXI;MERLUZA AUSTRAL;ALTURA-PROC-CONGELADOR;29/4/2025;2/6/2025;35;72/2025;FALSO;VERDADERO;;;FALSO;;;1;;
603;9474;CERES;MERLUZA;ALTURA-PROC-CONGELADOR;29/4/2025;15/5/2025;17;74/2025;FALSO;VERDADERO;;;FALSO;;;1;;
605;186;CENTAURO 2000;MERLUZA;ALTURA-FRESQUERO;30/4/2025;30/4/2025;1;73/2025;FALSO;VERDADERO;;;FALSO;;;1;;
608;7841;COALSA SEGUNDO;MERLUZA;ALTURA-PROC-CONGELADOR;30/4/2025;16/6/2025;48;67/2025;FALSO;VERDADERO;;;FALSO;;;1;;
616;7796;MINTA;CALAMAR;ALTURA-PROC-CONGELADOR;30/4/2025;5/6/2025;37;71/2025;VERDADERO;VERDADERO;;;FALSO;;;1;;
627;186;CENTAURO 2000;MERLUZA;ALTURA-FRESQUERO;30/4/2025;6/5/2025;7;73/2025;FALSO;VERDADERO;;;FALSO;;;2;;
631;7855;GEMINIS;MERLUZA;ALTURA-PROC-CONGELADOR;4/5/2025;3/6/2025;31;77/2025;FALSO;VERDADERO;;;FALSO;;;1;;
649;7860;MATEO I;CALAMAR;ALTURA-PROC-CONGELADOR;7/5/2025;9/6/2025;34;78/2025;FALSO;VERDADERO;;;FALSO;;;1;;
650;7859;NATALIA;CALAMAR;ALTURA-PROC-CONGELADOR;7/5/2025;10/6/2025;35;79/2025;FALSO;VERDADERO;;;FALSO;;;1;;
651;4840;MISS TIDE;VIEIRA;ALTURA-PROC-CONGELADOR;7/5/2025;10/6/2025;35;76/2025;FALSO;VERDADERO;;;FALSO;;;1;;
656;7838;VALERIA DEL ATLANTICO;MERLUZA AUSTRAL;ALTURA-PROC-CONGELADOR;26/3/2025;7/5/2025;43;30/2025;VERDADERO;VERDADERO;;;FALSO;;;2;;
657;186;CENTAURO 2000;MERLUZA;ALTURA-FRESQUERO;8/5/2025;17/5/2025;10;73/2025;FALSO;VERDADERO;;;FALSO;;;3;;
658;7843;VALERIA DEL ATLANTICO;MERLUZA;ALTURA-PROC-CONGELADOR;8/5/2025;17/6/2025;41;75/2025;FALSO;VERDADERO;;;FALSO;;;1;;
726;7730;ANDRES JORGE;MERLUZA;ALTURA-FRESQUERO;2/5/2025;10/5/2025;9;70/2025;FALSO;VERDADERO;;;FALSO;;;1;;
727;7730;ANDRES JORGE;MERLUZA;ALTURA-FRESQUERO;12/5/2025;21/5/2025;10;70/2025;FALSO;VERDADERO;;;FALSO;;;2;;
798;9467;DON GAETANO;ABADEJO;ALTURA-FRESQUERO;11/3/2025;20/3/2025;10;45/2025;VERDADERO;VERDADERO;;;FALSO;;;1;;
799;9467;DON GAETANO;ABADEJO;ALTURA-FRESQUERO;22/3/2025;27/3/2025;6;45/2025;VERDADERO;VERDADERO;;;FALSO;;;2;;
800;7843;ARBUMASA XXVIII;CALAMAR;ALTURA-PROC-CONGELADOR;29/1/2025;23/2/2025;26;23/2025;VERDADERO;VERDADERO;;;FALSO;;;1;;
801;7843;ARBUMASA XXVIII;CALAMAR;ALTURA-PROC-CONGELADOR;25/2/2025;6/4/2025;41;23/2025;VERDADERO;VERDADERO;;;FALSO;;;2;;
802;7842;ATLANTIC EXPRESS;CENTOLLA;ALTURA-PROC-CONGELADOR;15/5/2025;27/5/2025;13;81/2025;FALSO;VERDADERO;;;FALSO;;;1;;
807;2021;MAR SUR;LANGOSTINO;ALTURA-FRESQUERO;11/5/2025;18/5/2025;8;80/2025;VERDADERO;VERDADERO;;;FALSO;;;1;;
810;7853;ATLANTIC SURF III;VIEIRA;ALTURA-PROC-CONGELADOR;22/4/2025;6/6/2025;46;59/2025;FALSO;VERDADERO;;;FALSO;;;1;;
812;7767;GRACIELA I;MERLUZA;ALTURA-FRESQUERO;26/4/2025;4/5/2025;9;68/2025;VERDADERO;VERDADERO;;;FALSO;;;1;;
813;7767;GRACIELA I;MERLUZA;ALTURA-FRESQUERO;6/5/2025;15/5/2025;10;68/2025;VERDADERO;VERDADERO;;;FALSO;;;2;;
818;7767;GRACIELA I;MERLUZA;ALTURA-FRESQUERO;17/5/2025;27/5/2025;11;68/2025;FALSO;VERDADERO;;;FALSO;;;3;;
831;7828;DON PEDRO;MERLUZA;ALTURA-PROC-CONGELADOR;17/5/2025;13/7/2025;58;83/2025;VERDADERO;VERDADERO;;;FALSO;;;1;;
838;9480;ARGENOVA XXI;MERLUZA AUSTRAL;ALTURA-PROC-CONGELADOR;4/1/2025;28/1/2025;25;02/2025;VERDADERO;VERDADERO;;;FALSO;;;1;;
839;9480;ARGENOVA XXI;MERLUZA AUSTRAL;ALTURA-PROC-CONGELADOR;1/2/2025;22/2/2025;22;24/2025;VERDADERO;VERDADERO;;;FALSO;;;2;;
840;7846;TANGO I;CENTOLLA;ALTURA-PROC-CONGELADOR;31/1/2025;3/3/2025;32;19/2025;FALSO;VERDADERO;;;FALSO;;;1;;
841;7846;TANGO I;CENTOLLA;ALTURA-PROC-CONGELADOR;7/3/2025;14/3/2025;8;19/2025;FALSO;VERDADERO;;;FALSO;;;2;;
843;9474;CAROLINA P;MERLUZA;ALTURA-PROC-CONGELADOR;19/3/2025;23/4/2025;36;49/2025;FALSO;VERDADERO;;;FALSO;;;2;;
844;7847;TESON;ABADEJO;ALTURA-FRESQUERO;7/3/2025;12/3/2025;6;46/2025;VERDADERO;VERDADERO;;;FALSO;;;1;;
845;7847;TESON;ABADEJO;ALTURA-FRESQUERO;15/3/2025;18/3/2025;4;46/2025;VERDADERO;VERDADERO;;;FALSO;;;2;;
846;7847;TANGO I;CENTOLLA;ALTURA-PROC-CONGELADOR;9/4/2025;28/4/2025;20;57/2025;FALSO;VERDADERO;;;FALSO;;;1;;
847;7847;TANGO I;CENTOLLA;ALTURA-PROC-CONGELADOR;28/4/2025;30/4/2025;3;57/2025;FALSO;VERDADERO;;;FALSO;;;2;;
848;179;ATLANTIC EXPRESS;CENTOLLA;ALTURA-PROC-CONGELADOR;12/4/2025;8/5/2025;27;60/2025;FALSO;VERDADERO;;;FALSO;;;1;;
849;179;ATLANTIC EXPRESS;CENTOLLA;ALTURA-PROC-CONGELADOR;8/5/2025;12/5/2025;5;60/2025;FALSO;VERDADERO;;;FALSO;;;2;;
853;179;ATLANTIC EXPRESS;CENTOLLA;ALTURA-PROC-CONGELADOR;4/1/2025;8/1/2025;5;03/2025;VERDADERO;VERDADERO;;;FALSO;;;1;;
854;179;ATLANTIC EXPRESS;CENTOLLA;ALTURA-PROC-CONGELADOR;8/1/2025;13/1/2025;6;03/2025;FALSO;VERDADERO;;;FALSO;;;2;;
855;179;ATLANTIC EXPRESS;CENTOLLA;ALTURA-PROC-CONGELADOR;14/1/2025;4/2/2025;22;03/2025;FALSO;VERDADERO;;;FALSO;;;3;;
856;179;ATLANTIC EXPRESS;CENTOLLA;ALTURA-PROC-CONGELADOR;6/2/2025;22/2/2025;17;03/2025;FALSO;VERDADERO;;;FALSO;;;4;;
864;9480;TAI AN;MERLUZA AUSTRAL;ALTURA-PROC-CONGELADOR;22/5/2025;21/6/2025;31;87/2025;FALSO;VERDADERO;;;FALSO;;;1;;
865;7852;SCIROCCO;CALAMAR;ALTURA-PROC-CONGELADOR;22/5/2025;5/6/2025;15;86/2025;FALSO;VERDADERO;;;FALSO;;;1;;
866;186;CENTAURO 2000;MERLUZA;ALTURA-FRESQUERO;22/5/2025;29/5/2025;8;73/2025;FALSO;VERDADERO;;;FALSO;;;4;;
867;7850;LUIGI;MERLUZA;ALTURA-PROC-CONGELADOR;22/5/2025;17/6/2025;27;84/2025;FALSO;VERDADERO;;;FALSO;;;1;;
868;7726;ECHIZEN MARU;MERLUZA AUSTRAL;ALTURA-PROC-CONGELADOR;22/5/2025;10/7/2025;50;82/2025;FALSO;VERDADERO;;;FALSO;;;1;;
872;9467;PUENTE VALDEZ;CALAMAR;ALTURA-PROC-CONGELADOR;16/4/2025;27/5/2025;42;62/2025;FALSO;VERDADERO;;;FALSO;;;2;;
874;7848;NANINA;CALAMAR;ALTURA-PROC-CONGELADOR;26/4/2025;28/5/2025;33;69/2025;FALSO;VERDADERO;;;FALSO;;;1;;
875;9465;ERIN BRUCE II;VIEIRA;ALTURA-PROC-CONGELADOR;28/5/2025;12/7/2025;46;88/2025;FALSO;VERDADERO;;;FALSO;;;1;;
877;7846;NANINA;CALAMAR;ALTURA-PROC-CONGELADOR;31/5/2025;7/6/2025;8;91/2025;VERDADERO;FALSO;;DESEMBARCO EN RADA;FALSO;;;1;;
878;166;CAPESANTE;VIEIRA;ALTURA-PROC-CONGELADOR;31/5/2025;11/7/2025;42;89/2025;FALSO;VERDADERO;;;FALSO;;;1;;
881;174;VENTARRON 1º;MERLUZA;ALTURA-PROC-CONGELADOR;5/6/2025;6/7/2025;32;96/2025;VERDADERO;VERDADERO;;;FALSO;;;1;;
882;7838;CENTAURO 2000;MERLUZA;ALTURA-FRESQUERO;10/6/2025;17/6/2025;8;99/2025;FALSO;VERDADERO;;;FALSO;;;1;;
883;9471;MAR SUR;LANGOSTINO;ALTURA-PROC-CONGELADOR;12/4/2025;20/4/2025;9;63/2025;FALSO;VERDADERO;;;FALSO;;;1;;
884;9471;MAR SUR;LANGOSTINO;ALTURA-PROC-CONGELADOR;21/4/2025;1/5/2025;11;63/2025;FALSO;VERDADERO;;;FALSO;;;2;;
885;9471;MAR SUR;LANGOSTINO;ALTURA-PROC-CONGELADOR;2/5/2025;10/5/2025;9;63/2025;FALSO;VERDADERO;;;FALSO;;;3;;
886;7828;TALISMAN;CENTOLLA;ALTURA-PROC-CONGELADOR;29/12/2024;4/2/2025;38;174/2024;FALSO;VERDADERO;;;FALSO;;;1;;
887;7828;TALISMAN;CENTOLLA;ALTURA-PROC-CONGELADOR;6/2/2025;11/3/2025;34;174/2024;FALSO;VERDADERO;;;FALSO;;;2;;
929;7627;SFIDA;LANGOSTINO;ALTURA-FRESQUERO;18/6/2025;25/6/2025;8;101/2025;FALSO;VERDADERO;;;FALSO;18/6/2025;25/6/2025;1;;
930;9476;FRANCO;LANGOSTINO;ALTURA-FRESQUERO;18/6/2025;25/6/2025;8;103/2025;FALSO;VERDADERO;;;VERDADERO;18/6/2025;25/6/2025;1;;
932;9467;SAN MATIAS;LANGOSTINO;ALTURA-FRESQUERO;19/6/2025;25/6/2025;7;106/2025;FALSO;VERDADERO;;;VERDADERO;19/6/2025;25/6/2025;1;;
933;7838;CENTAURO 2000;MERLUZA;ALTURA-FRESQUERO;19/6/2025;22/6/2025;4;99/2025;FALSO;VERDADERO;;;FALSO;;;2;;
934;7848;VALERIA DEL ATLANTICO;MERLUZA AUSTRAL;ALTURA-PROC-CONGELADOR;19/6/2025;2/7/2025;14;98/2025;FALSO;VERDADERO;;;FALSO;;;1;;
936;2021;SALVADOR R;LANGOSTINO;ALTURA-FRESQUERO;18/6/2025;25/6/2025;8;104/2025;FALSO;VERDADERO;;;VERDADERO;18/6/2025;25/6/2025;1;;
939;7838;CENTAURO 2000;MERLUZA;ALTURA-FRESQUERO;28/6/2025;4/7/2025;7;99/2025;FALSO;VERDADERO;;;FALSO;;;3;;
998;9471;ACRUX;LANGOSTINO;ALTURA-FRESQUERO;18/6/2025;25/6/2025;8;105/2025;FALSO;VERDADERO;;;VERDADERO;18/6/2025;25/6/2025;1;;
1007;9467;ESPARDEL;LANGOSTINO;Altura-Fresquero;4/7/2024;9/7/2024;6;106/2024;FALSO;VERDADERO;;;FALSO;;;;;
1008;9467;ESPARDEL;LANGOSTINO;Altura-Fresquero;9/7/2024;12/7/2024;4;106/2024;FALSO;VERDADERO;;;FALSO;;;;;
1009;9467;ESPARDEL;LANGOSTINO;Altura-Fresquero;12/7/2024;15/7/2024;4;106/2024;FALSO;VERDADERO;;;FALSO;;;;;
1010;9467;ESPARDEL;LANGOSTINO;Altura-Fresquero;15/7/2024;19/7/2024;5;106/2024;FALSO;VERDADERO;;;FALSO;;;;;
1011;9467;ESPARDEL;LANGOSTINO;Altura-Fresquero;19/7/2024;23/7/2024;5;106/2024;FALSO;VERDADERO;;;FALSO;;;;;
1012;9467;ESPARDEL;LANGOSTINO;Altura-Fresquero;23/7/2024;27/7/2024;4;106/2024;FALSO;VERDADERO;;;FALSO;;;;;
1020;9476;ACRUX;LANGOSTINO;ALTURA-FRESQUERO;27/6/2025;3/7/2025;7;111/2025;FALSO;VERDADERO;;;VERDADERO;27/6/2025;;1;;
1021;7627;SFIDA;LANGOSTINO;ALTURA-FRESQUERO;27/6/2025;4/7/2025;8;101/2025;FALSO;VERDADERO;;;VERDADERO;27/6/2025;4/7/2025;1;;
1022;7847;NONO PASCUAL;LANGOSTINO;ALTURA-FRESQUERO;27/6/2025;3/7/2025;7;112/2025;FALSO;VERDADERO;;;VERDADERO;27/6/2025;;1;;
1024;9467;SAN MATIAS;LANGOSTINO;ALTURA-FRESQUERO;27/6/2025;4/7/2025;8;106/2025;FALSO;VERDADERO;;;VERDADERO;27/6/2025;;1;;
1163;9476;ACRUX;LANGOSTINO;ALTURA-FRESQUERO;4/7/2025;9/7/2025;6;111/2025;FALSO;VERDADERO;;;FALSO;;;2;;
1166;7838;CENTAURO 2000;MERLUZA;ALTURA-FRESQUERO;6/7/2025;10/7/2025;5;99/2025;FALSO;VERDADERO;;;FALSO;;;4;;
1169;7847;NONO PASCUAL;LANGOSTINO;ALTURA-FRESQUERO;3/7/2025;9/7/2025;7;112/2025;FALSO;VERDADERO;;;FALSO;;;2;;
1171;7627;SFIDA;LANGOSTINO;ALTURA-FRESQUERO;4/7/2025;9/7/2025;6;101/2025;FALSO;VERDADERO;;;VERDADERO;4/7/2025;9/7/2025;2;;
1173;7847;NONO PASCUAL;LANGOSTINO;ALTURA-FRESQUERO;9/7/2025;12/7/2025;4;112/2025;FALSO;VERDADERO;;;FALSO;;;3;;
1200;7621;ATLANTIC SURF III;VIEIRA;ALTURA-PROC-CONGELADOR;10/7/2025;29/8/2025;51;114/2025;VERDADERO;VERDADERO;;;FALSO;;;1;;
1202;179;MAR SUR;LANGOSTINO;ALTURA-PROC-CONGELADOR;11/7/2025;18/7/2025;8;117/2025;FALSO;VERDADERO;;;FALSO;;;1;;
1205;7838;CENTAURO 2000;MERLUZA;ALTURA-FRESQUERO;12/7/2025;16/7/2025;5;99/2025;VERDADERO;VERDADERO;;;FALSO;;;5;;
1206;7847;NONO PASCUAL;LANGOSTINO;ALTURA-FRESQUERO;12/7/2025;16/7/2025;5;112/2025;FALSO;VERDADERO;;;FALSO;;;4;;
1208;7843;VERDEL;MERLUZA;ALTURA-PROC-CONGELADOR;14/7/2025;23/8/2025;41;119/2025;VERDADERO;VERDADERO;;;FALSO;;;;;
1209;9480;CAPESANTE;VIEIRA;ALTURA-PROC-CONGELADOR;15/7/2025;28/8/2025;45;116/2025;VERDADERO;VERDADERO;;;FALSO;;;1;;
1212;9465;ERIN BRUCE II;VIEIRA;ALTURA-PROC-CONGELADOR;17/7/2025;4/9/2025;50;122/2025;VERDADERO;VERDADERO;;;FALSO;;;1;;
1215;9461;JOSE MARCELO;LANGOSTINO;ALTURA-FRESQUERO;18/7/2025;25/7/2025;8;121/2025;FALSO;VERDADERO;;;FALSO;;;1;;
1216;9474;ITXAS LUR;MERLUZA;ALTURA-PROC-CONGELADOR;19/7/2025;23/8/2025;36;128/2025;FALSO;VERDADERO;;;FALSO;;;1;;
1218;7729;GEMINIS;MERLUZA;ALTURA-PROC-CONGELADOR;19/7/2025;19/8/2025;32;124/2025;FALSO;VERDADERO;;;FALSO;;;1;;
1221;2021;FRANCO;LANGOSTINO;ALTURA-FRESQUERO;27/6/2025;3/7/2025;7;110/2025;FALSO;FALSO;;;FALSO;;;1;;
1222;2021;FRANCO;LANGOSTINO;ALTURA-FRESQUERO;4/7/2025;10/7/2025;7;110/2025;FALSO;FALSO;;;FALSO;;;2;;
1223;2021;FRANCO;LANGOSTINO;ALTURA-FRESQUERO;11/7/2025;16/7/2025;6;110/2025;FALSO;FALSO;;;FALSO;;;3;;
1224;2021;FRANCO;LANGOSTINO;ALTURA-FRESQUERO;17/7/2025;20/7/2025;4;110/2025;FALSO;FALSO;;;FALSO;;;4;;
1225;186;UR ERTZA;MERLUZA;ALTURA-FRESQUERO;13/6/2025;20/6/2025;8;94/2025;VERDADERO;VERDADERO;;;FALSO;;;1;;
1226;186;UR ERTZA;MERLUZA;ALTURA-FRESQUERO;25/6/2025;5/7/2025;11;94/2025;FALSO;FALSO;;;FALSO;;;2;;
1227;186;UR ERTZA;MERLUZA;ALTURA-FRESQUERO;8/7/2025;16/7/2025;9;94/2025;FALSO;FALSO;;;FALSO;;;3;;
1228;186;UR ERTZA;MERLUZA;ALTURA-FRESQUERO;19/7/2025;25/7/2025;7;94/2025;FALSO;VERDADERO;;;FALSO;;;4;;
1230;179;MAR SUR;LANGOSTINO;ALTURA-PROC-CONGELADOR;19/7/2025;29/7/2025;11;117/2025;FALSO;VERDADERO;;;FALSO;;;2;;
1238;7847;GRACIELA I;LANGOSTINO;ALTURA-FRESQUERO;23/7/2025;30/7/2025;8;129/2025;FALSO;VERDADERO;;;FALSO;;;1;;
1247;7855;DUKAT;CENTOLLA;ALTURA-PROC-CONGELADOR;13/3/2025;14/4/2025;33;47/2025;FALSO;FALSO;;;FALSO;;;1;;
1248;7855;DUKAT;CENTOLLA;ALTURA-PROC-CONGELADOR;16/4/2025;19/4/2025;4;47/2025;FALSO;FALSO;;;FALSO;;;2;;
1252;9467;LUCA SANTINO;LANGOSTINO;ALTURA-FRESQUERO;30/7/2025;4/8/2025;6;137/2025;FALSO;VERDADERO;;;FALSO;;;1;;
1253;179;MAR SUR;LANGOSTINO;ALTURA-FRESQUERO;30/7/2025;6/8/2025;8;117/2025;FALSO;VERDADERO;;;FALSO;;;3;;
1254;7847;GRACIELA I;LANGOSTINO;ALTURA-FRESQUERO;31/7/2025;7/8/2025;8;129/2025;FALSO;VERDADERO;;;FALSO;;;2;;
1269;7841;CENTAURO 2000;LANGOSTINO;ALTURA-FRESQUERO;3/8/2025;7/8/2025;5;134/2025;FALSO;VERDADERO;;;FALSO;;;4;;
1288;7841;CENTAURO 2000;LANGOSTINO;ALTURA-FRESQUERO;25/7/2025;25/7/2025;1;134/2025;VERDADERO;VERDADERO;;;FALSO;;;1;;
1289;7841;CENTAURO 2000;LANGOSTINO;ALTURA-FRESQUERO;25/7/2025;29/7/2025;5;134/2025;VERDADERO;VERDADERO;;;FALSO;;;2;;
1290;7841;CENTAURO 2000;LANGOSTINO;ALTURA-FRESQUERO;30/7/2025;3/8/2025;5;134/2025;VERDADERO;VERDADERO;;;FALSO;;;3;;
1291;172;DON SANTIAGO;LANGOSTINO;ALTURA-FRESQUERO;13/7/2025;17/7/2025;5;118/2025;VERDADERO;VERDADERO;;;FALSO;;;1;;
1292;172;DON SANTIAGO;LANGOSTINO;ALTURA-FRESQUERO;17/7/2025;21/7/2025;5;118/2025;VERDADERO;VERDADERO;;;FALSO;;;2;;
1293;172;DON SANTIAGO;LANGOSTINO;ALTURA-FRESQUERO;21/7/2025;24/7/2025;4;118/2025;VERDADERO;VERDADERO;;;FALSO;;;3;;
1294;172;DON SANTIAGO;LANGOSTINO;ALTURA-FRESQUERO;25/7/2025;29/7/2025;5;118/2025;VERDADERO;VERDADERO;;;FALSO;;;4;;
1295;172;DON SANTIAGO;LANGOSTINO;ALTURA-FRESQUERO;30/7/2025;3/8/2025;5;118/2025;VERDADERO;VERDADERO;;;FALSO;;;5;;
1297;7848;DESTINY;LANGOSTINO;ALTURA-PROC-CONGELADOR;4/8/2025;14/8/2025;11;138/2025;VERDADERO;VERDADERO;;;FALSO;;;1;;
1300;9471;MAR SUR;LANGOSTINO;ALTURA-PROC-CONGELADOR;26/5/2025;3/6/2025;9;90/2025;VERDADERO;VERDADERO;;;FALSO;;;1;;
1301;9471;MAR SUR;LANGOSTINO;ALTURA-PROC-CONGELADOR;5/6/2025;11/6/2025;7;90/2025;VERDADERO;VERDADERO;;;FALSO;;;2;;
1302;179;MAR SUR;LANGOSTINO;ALTURA-FRESQUERO;17/6/2025;28/6/2025;12;102/2025;VERDADERO;VERDADERO;;;FALSO;;;1;;
1303;179;MAR SUR;LANGOSTINO;ALTURA-FRESQUERO;28/6/2025;10/7/2025;13;102/2025;VERDADERO;VERDADERO;;;FALSO;;;2;;
1304;9471;ARBUMASA XV;LANGOSTINO;ALTURA-PROC-CONGELADOR;5/8/2025;13/8/2025;9;141/2025;FALSO;VERDADERO;;;FALSO;;;1;;
1306;7796;ATREVIDO;MERLUZA;ALTURA-FRESQUERO;12/7/2025;14/7/2025;3;113/2025;VERDADERO;VERDADERO;;;FALSO;;;1;;
1307;7796;ATREVIDO;MERLUZA;ALTURA-FRESQUERO;18/7/2025;23/7/2025;6;113/2025;VERDADERO;VERDADERO;;;FALSO;;;2;;
1308;7796;ATREVIDO;MERLUZA;ALTURA-FRESQUERO;27/7/2025;1/8/2025;6;113/2025;VERDADERO;VERDADERO;;;FALSO;;;3;;
1311;179;MAR SUR;LANGOSTINO;ALTURA-FRESQUERO;7/8/2025;13/8/2025;7;117/2025;FALSO;VERDADERO;;;FALSO;;;4;;
1312;7847;GRACIELA I;LANGOSTINO;ALTURA-FRESQUERO;8/8/2025;13/8/2025;6;129/2025;FALSO;VERDADERO;;;FALSO;;;3;;
1315;7841;CENTAURO 2000;LANGOSTINO;ALTURA-FRESQUERO;8/8/2025;12/8/2025;5;134/2025;VERDADERO;VERDADERO;;;FALSO;;;5;;
1317;2021;ARBUMASA XIX;LANGOSTINO;ALTURA-PROC-CONGELADOR;5/8/2025;13/8/2025;9;140/2025;FALSO;VERDADERO;;;FALSO;;;1;;
1318;9461;JOSE MARCELO;LANGOSTINO;ALTURA-FRESQUERO;11/8/2025;17/8/2025;7;121/2025;FALSO;VERDADERO;;;FALSO;;;3;;
1323;7841;CENTAURO 2000;LANGOSTINO;ALTURA-FRESQUERO;12/8/2025;15/8/2025;4;134/2025;FALSO;VERDADERO;;;FALSO;;;6;;
1331;7767;VIRGEN MARIA;MERLUZA;ALTURA-FRESQUERO;11/1/2025;19/1/2025;9;8/2025;VERDADERO;VERDADERO;;;FALSO;;;1;;
1332;7767;VIRGEN MARIA;MERLUZA;ALTURA-FRESQUERO;22/1/2025;29/1/2025;8;8/2025;VERDADERO;VERDADERO;;;FALSO;;;2;;
1333;7767;VIRGEN MARIA;MERLUZA;ALTURA-FRESQUERO;31/1/2025;11/2/2025;12;8/2025;VERDADERO;VERDADERO;;;FALSO;;;3;;
1334;174;ATREVIDO;MERLUZA;ALTURA-FRESQUERO;12/1/2025;19/1/2025;8;15/2025;VERDADERO;VERDADERO;;;FALSO;;;1;;
1335;174;ATREVIDO;MERLUZA;ALTURA-FRESQUERO;20/1/2025;26/1/2025;7;15/2025;VERDADERO;VERDADERO;;;FALSO;;;2;;
1336;174;ATREVIDO;MERLUZA;ALTURA-FRESQUERO;28/1/2025;2/2/2025;6;15/2025;VERDADERO;VERDADERO;;;FALSO;;;3;;
1337;174;ATREVIDO;MERLUZA;ALTURA-FRESQUERO;3/2/2025;12/2/2025;10;15/2025;VERDADERO;VERDADERO;;;FALSO;;;4;;
1338;9476;ANITA;MERLUZA;ALTURA-FRESQUERO;21/4/2025;29/4/2025;9;65/2025;VERDADERO;VERDADERO;;;FALSO;;;1;;
1339;9476;ANITA;MERLUZA;ALTURA-FRESQUERO;2/5/2025;10/5/2025;9;65/2025;VERDADERO;VERDADERO;;;FALSO;;;2;;
1340;9476;ANITA;MERLUZA;ALTURA-FRESQUERO;14/5/2025;26/5/2025;13;65/2025;VERDADERO;VERDADERO;;;FALSO;;;3;;
1341;7729;FEIXA;MERLUZA;ALTURA-FRESQUERO;2/5/2025;9/5/2025;8;66/2025;VERDADERO;VERDADERO;;;FALSO;;;1;;
1343;7842;ANITA;MERLUZA;ALTURA-FRESQUERO;25/6/2025;3/7/2025;9;108/2025;VERDADERO;VERDADERO;;;FALSO;;;1;;
1344;7842;ANITA;MERLUZA;ALTURA-FRESQUERO;5/7/2025;11/7/2025;7;108/2025;VERDADERO;VERDADERO;;;FALSO;;;2;;
1345;7842;ANITA;MERLUZA;ALTURA-FRESQUERO;20/7/2025;26/7/2025;7;108/2025;VERDADERO;VERDADERO;;;FALSO;;;3;;
1346;7842;ANITA;MERLUZA;ALTURA-FRESQUERO;28/7/2025;4/8/2025;8;108/2025;VERDADERO;VERDADERO;;;FALSO;;;4;;
1347;7729;GEMINIS;MERLUZA;ALTURA-PROC-CONGELADOR;5/6/2025;6/7/2025;32;95/2025;VERDADERO;VERDADERO;;;FALSO;;;1;;
1349;179;MAR SUR;LANGOSTINO;ALTURA-FRESQUERO;14/8/2025;20/8/2025;7;117/2025;FALSO;VERDADERO;;;FALSO;;;5;;
1351;7847;GRACIELA I;LANGOSTINO;ALTURA-FRESQUERO;14/8/2025;21/8/2025;8;129/2025;FALSO;VERDADERO;;;FALSO;;;4;;
1361;7841;CENTAURO 2000;LANGOSTINO;ALTURA-FRESQUERO;16/8/2025;20/8/2025;5;134/2025;FALSO;VERDADERO;;;FALSO;;;7;;
1373;9461;JOSE MARCELO;LANGOSTINO;ALTURA-FRESQUERO;26/7/2025;2/8/2025;8;121/2025;VERDADERO;VERDADERO;;;FALSO;;;1;;
1374;9461;JOSE MARCELO;LANGOSTINO;ALTURA-FRESQUERO;4/8/2025;10/8/2025;7;121/2025;VERDADERO;VERDADERO;;;FALSO;;;2;;
1375;7627;MARIA ALEJANDRA 1º;LANGOSTINO;ALTURA-PROC-CONGELADOR;20/8/2025;30/8/2025;11;148/2025;FALSO;FALSO;;;FALSO;;;1;;
1379;7847;GRACIELA I;LANGOSTINO;ALTURA-FRESQUERO;22/8/2025;28/8/2025;7;129/2025;VERDADERO;VERDADERO;;;FALSO;;;5;;
1380;7853;GEMINIS;MERLUZA;ALTURA-PROC-CONGELADOR;23/8/2025;22/9/2025;31;147/2025;VERDADERO;VERDADERO;;;FALSO;;;1;;
1382;2021;ARBUMASA XIX;LANGOSTINO;ALTURA-PROC-CONGELADOR;14/8/2025;22/8/2025;9;140/2025;VERDADERO;VERDADERO;;;FALSO;;;2;;
1384;7848;DESTINY;LANGOSTINO;ALTURA-PROC-CONGELADOR;15/8/2025;26/8/2025;12;138/2025;VERDADERO;FALSO;;;FALSO;;;2;;
1385;7838;DON SANTIAGO;LANGOSTINO;ALTURA-FRESQUERO;3/8/2025;7/8/2025;5;139/2025;VERDADERO;VERDADERO;;;FALSO;;;1;;
1386;7838;DON SANTIAGO;LANGOSTINO;ALTURA-FRESQUERO;8/8/2025;12/8/2025;5;139/2025;VERDADERO;VERDADERO;;;FALSO;;;2;;
1387;7838;DON SANTIAGO;LANGOSTINO;ALTURA-FRESQUERO;12/8/2025;15/8/2025;4;139/2025;VERDADERO;VERDADERO;;;FALSO;;;3;;
1388;7838;DON SANTIAGO;LANGOSTINO;ALTURA-FRESQUERO;15/8/2025;18/8/2025;4;139/2025;VERDADERO;VERDADERO;;;FALSO;;;4;;
1389;7838;DON SANTIAGO;LANGOSTINO;ALTURA-FRESQUERO;18/8/2025;22/8/2025;5;139/2025;VERDADERO;VERDADERO;;;FALSO;;;5;;
1392;4840;XEITOSIÑO;LANGOSTINO;ALTURA-PROC-CONGELADOR;21/8/2025;2/9/2025;13;149/2025;VERDADERO;VERDADERO;;;FALSO;;;1;;
1401;7796;CERES;MERLUZA;ALTURA-PROC-CONGELADOR;30/8/2025;30/8/2025;1;151/2025;VERDADERO;VERDADERO;;;FALSO;;;1;;
1402;7726;ITXAS LUR;MERLUZA;ALTURA-PROC-CONGELADOR;30/8/2025;6/10/2025;38;153/2025;VERDADERO;VERDADERO;;;FALSO;;;1;;
1403;9471;FEDERICO C;LANGOSTINO;ALTURA-PROC-CONGELADOR;1/9/2025;12/9/2025;12;152/2025;VERDADERO;VERDADERO;;;FALSO;;;1;;
1409;7848;DESTINY;LANGOSTINO;ALTURA-PROC-CONGELADOR;28/8/2025;5/9/2025;9;138/2025;VERDADERO;VERDADERO;;;FALSO;;;3;;
1411;9467;NINA;LANGOSTINO;ALTURA-PROC-CONGELADOR;3/9/2025;22/9/2025;20;143/2025;VERDADERO;VERDADERO;;;FALSO;;;2;;
1412;9467;NINA;LANGOSTINO;ALTURA-PROC-CONGELADOR;20/8/2025;1/9/2025;13;143/2025;VERDADERO;VERDADERO;;;FALSO;;;3;;
1413;73;JOSE AMERICO;LANGOSTINO;ALTURA-PROC-CONGELADOR;8/8/2025;20/8/2025;13;144/2025;VERDADERO;VERDADERO;;;FALSO;;;1;;
1414;73;JOSE AMERICO;LANGOSTINO;ALTURA-PROC-CONGELADOR;21/8/2025;3/9/2025;14;144/2025;VERDADERO;VERDADERO;;;FALSO;;;2;;
1415;73;JOSE AMERICO;LANGOSTINO;ALTURA-PROC-CONGELADOR;4/9/2025;21/9/2025;18;144/2025;VERDADERO;VERDADERO;;;FALSO;;;3;;
1418;7844;VIRGEN MARIA;MERLUZA;ALTURA-FRESQUERO;7/8/2025;14/8/2025;8;142/2025;VERDADERO;VERDADERO;;;FALSO;;;1;;
1419;7844;VIRGEN MARIA;MERLUZA;ALTURA-FRESQUERO;20/8/2025;27/8/2025;8;142/2025;VERDADERO;VERDADERO;;;FALSO;;;2;;
1420;7844;VIRGEN MARIA;MERLUZA;ALTURA-FRESQUERO;29/8/2025;5/9/2025;8;142/2025;VERDADERO;VERDADERO;;;FALSO;;;3;;
1421;9474;ARGENOVA XXII;LANGOSTINO;ALTURA-PROC-CONGELADOR;6/9/2025;15/9/2025;10;154/2025;VERDADERO;VERDADERO;;;FALSO;;;1;;
1422;7798;PEDRITO;LANGOSTINO;ALTURA-PROC-CONGELADOR;24/7/2025;9/8/2025;17;132/2025;VERDADERO;VERDADERO;;;FALSO;;;1;;
1423;7798;PEDRITO;LANGOSTINO;ALTURA-PROC-CONGELADOR;12/8/2025;12/8/2025;1;132/2025;VERDADERO;VERDADERO;;;FALSO;;;2;;
1424;7798;PEDRITO;LANGOSTINO;ALTURA-PROC-CONGELADOR;13/8/2025;26/8/2025;14;132/2025;VERDADERO;VERDADERO;;;FALSO;;;3;;
1425;7798;PEDRITO;LANGOSTINO;ALTURA-PROC-CONGELADOR;26/8/2025;7/9/2025;13;132/2025;VERDADERO;VERDADERO;;;FALSO;;;4;;
1428;186;ANDRES JORGE;MERLUZA;ALTURA-FRESQUERO;17/8/2025;25/8/2025;9;146/2025;VERDADERO;VERDADERO;;;FALSO;;;1;;
1429;186;ANDRES JORGE;MERLUZA;ALTURA-FRESQUERO;28/8/2025;6/9/2025;10;146/2025;VERDADERO;VERDADERO;;;FALSO;;;2;;
1430;174;SAN JUAN B;LANGOSTINO;ALTURA-PROC-CONGELADOR;23/7/2025;9/8/2025;18;133/2025;VERDADERO;VERDADERO;;;FALSO;;;1;;
1431;174;SAN JUAN B;LANGOSTINO;ALTURA-PROC-CONGELADOR;11/8/2025;24/8/2025;14;133/2025;VERDADERO;VERDADERO;;;FALSO;;;2;;
1432;174;SAN JUAN B;LANGOSTINO;ALTURA-PROC-CONGELADOR;25/8/2025;7/9/2025;14;133/2025;VERDADERO;VERDADERO;;;FALSO;;;3;;
1433;179;DON JUAN ALVAREZ;LANGOSTINO;ALTURA-PROC-CONGELADOR;26/8/2025;7/9/2025;13;150/2025;FALSO;FALSO;;EL BARCO NO TIENE REPORTE EN LA API DE PNA COMO DON JUAN ALVAREZ;FALSO;;;;;
1434;7844;VIRGEN MARIA;MERLUZA;ALTURA-FRESQUERO;8/9/2025;16/9/2025;9;142/2025;VERDADERO;VERDADERO;;;FALSO;;;4;;
1435;186;ANDRES JORGE;MERLUZA;ALTURA-FRESQUERO;8/9/2025;18/9/2025;11;146/2025;VERDADERO;VERDADERO;;;FALSO;;;3;;
1442;7729;LUCA MARIO;MERLUZA;ALTURA-PROC-CONGELADOR;11/9/2025;18/10/2025;38;157/2025;VERDADERO;VERDADERO;;;FALSO;;;1;;
1452;7798;PEDRITO;LANGOSTINO;ALTURA-PROC-CONGELADOR;8/9/2025;23/9/2025;16;132/2025;VERDADERO;VERDADERO;;;FALSO;;;5;;
1453;174;SAN JUAN B;LANGOSTINO;ALTURA-PROC-CONGELADOR;8/9/2025;25/9/2025;18;133/2025;VERDADERO;VERDADERO;;;FALSO;;;4;;
1456;7796;ARBUMASA XV;LANGOSTINO;ALTURA-PROC-CONGELADOR;13/9/2025;22/9/2025;10;158/2025;VERDADERO;VERDADERO;;;FALSO;;;1;;
1457;183;CHIYO MARU NO.3;CENTOLLA;ALTURA-PROC-CONGELADOR;13/9/2025;1/10/2025;39;156/2025;VERDADERO;VERDADERO;;;FALSO;;;1;;
1458;9471;FEDERICO C;LANGOSTINO;ALTURA-PROC-CONGELADOR;13/9/2025;25/9/2025;13;152/2025;VERDADERO;VERDADERO;;;FALSO;;;2;;
1460;7860;MELLINO VI;MERLUZA;ALTURA-FRESQUERO;14/8/2025;22/8/2025;9;145/2025;VERDADERO;VERDADERO;;;FALSO;;;1;;
1461;7860;MELLINO VI;MERLUZA;ALTURA-FRESQUERO;26/8/2025;5/9/2025;11;145/2025;VERDADERO;VERDADERO;;;FALSO;;;2;;
1462;7860;MELLINO VI;MERLUZA;ALTURA-FRESQUERO;9/9/2025;9/9/2025;1;145/2025;VERDADERO;VERDADERO;;;FALSO;;;3;;
1463;7860;MELLINO VI;MERLUZA;ALTURA-FRESQUERO;13/9/2025;23/9/2025;11;145/2025;VERDADERO;VERDADERO;;;FALSO;;;4;;
1464;190;CHIYO MARU NO.3;CENTOLLA;ALTURA-PROC-CONGELADOR;31/7/2025;5/8/2025;6;136/2025;VERDADERO;VERDADERO;;;FALSO;;;1;;
1465;190;CHIYO MARU NO.3;CENTOLLA;ALTURA-PROC-CONGELADOR;7/8/2025;12/9/2025;37;136/2025;VERDADERO;VERDADERO;;;FALSO;;;2;;
1466;9461;ECHIZEN MARU;MERLUZA AUSTRAL;ALTURA-PROC-CONGELADOR;17/9/2025;17/11/2025;62;163/2025;VERDADERO;VERDADERO;;;FALSO;;;1;;
1474;7796;ARBUMASA XV;LANGOSTINO;ALTURA-PROC-CONGELADOR;23/9/2025;12/10/2025;20;158/2025;VERDADERO;VERDADERO;;;FALSO;;;2;;
1475;7798;PEDRITO;LANGOSTINO;ALTURA-PROC-CONGELADOR;26/9/2025;7/10/2025;12;132/2025;VERDADERO;VERDADERO;;;FALSO;;;6;;
1476;9471;FEDERICO C;LANGOSTINO;ALTURA-PROC-CONGELADOR;26/9/2025;8/10/2025;13;152/2025;VERDADERO;VERDADERO;;;FALSO;;;3;;
1477;7776;VALERIA DEL ATLANTICO;MERLUZA AUSTRAL;ALTURA-PROC-CONGELADOR;29/9/2025;3/10/2025;5;165/2025;VERDADERO;VERDADERO;;;FALSO;;;1;;
1479;7776;VALERIA DEL ATLANTICO;MERLUZA AUSTRAL;ALTURA-PROC-CONGELADOR;5/10/2025;29/10/2025;25;165/2025;VERDADERO;VERDADERO;;;FALSO;;;2;;
1480;4840;XEITOSIÑO;LANGOSTINO;ALTURA-PROC-CONGELADOR;20/9/2025;7/10/2025;18;164/2025;VERDADERO;VERDADERO;;;FALSO;;;1;;
1481;7848;ARGENOVA XXI;MERLUZA AUSTRAL;ALTURA-PROC-CONGELADOR;30/9/2025;19/10/2025;20;166/2025;VERDADERO;VERDADERO;;;FALSO;;;1;;
1484;7845;ATLANTIC EXPRESS;CENTOLLA;ALTURA-PROC-CONGELADOR;13/10/2025;8/11/2025;27;159/2025;VERDADERO;VERDADERO;;;FALSO;;;2;;
1491;7852;TANGO I;CENTOLLA;ALTURA-PROC-CONGELADOR;14/10/2025;2/11/2025;20;162/2025;VERDADERO;VERDADERO;;;FALSO;;;2;;
1492;9467;ITXAS LUR;MERLUZA;ALTURA-PROC-CONGELADOR;14/10/2025;23/11/2025;41;168/2025;VERDADERO;VERDADERO;;;FALSO;;;1;;
1493;7832;UR ERTZA;MERLUZA;ALTURA-FRESQUERO;28/7/2025;3/8/2025;7;135/2025;VERDADERO;VERDADERO;;;FALSO;;;1;;
1494;7832;UR ERTZA;MERLUZA;ALTURA-FRESQUERO;6/8/2025;14/8/2025;9;135/2025;VERDADERO;VERDADERO;;;FALSO;;;2;;
1495;7832;UR ERTZA;MERLUZA;ALTURA-FRESQUERO;16/8/2025;23/8/2025;8;135/2025;VERDADERO;VERDADERO;;;FALSO;;;3;;
1497;7832;TALISMAN;CENTOLLA;ALTURA-PROC-CONGELADOR;17/10/2025;6/11/2025;21;160/2025;VERDADERO;VERDADERO;;;FALSO;;;2;;
1499;7729;FEIXA;MERLUZA;ALTURA-FRESQUERO;14/5/2025;25/5/2025;12;66/2025;VERDADERO;VERDADERO;;;FALSO;;;2;;
1501;166;ERIN BRUCE II;VIEIRA;ALTURA-PROC-CONGELADOR;10/9/2025;22/9/2025;13;155/2025;VERDADERO;VERDADERO;;;FALSO;;;1;;
1502;166;ERIN BRUCE II;VIEIRA;ALTURA-PROC-CONGELADOR;22/9/2025;20/10/2025;29;155/2025;VERDADERO;VERDADERO;;;FALSO;;;2;;
1503;7848;ARGENOVA XXI;MERLUZA AUSTRAL;ALTURA-PROC-CONGELADOR;22/10/2025;1/11/2025;11;166/2025;VERDADERO;VERDADERO;;;FALSO;;;2;;
1504;73;CENTAURO 2000;MERLUZA;ALTURA-FRESQUERO;19/10/2025;23/10/2025;5;170/2025;VERDADERO;VERDADERO;;;FALSO;;;1;;
1505;183;CHIYO MARU NO.3;CENTOLLA;ALTURA-PROC-CONGELADOR;23/10/2025;24/11/2025;33;172/2025;VERDADERO;VERDADERO;;;FALSO;;;1;;
1506;73;CENTAURO 2000;MERLUZA;ALTURA-FRESQUERO;24/10/2025;29/10/2025;6;170/2025;VERDADERO;VERDADERO;;;FALSO;;;2;;
1507;7853;ERIN BRUCE II;VIEIRA;ALTURA-PROC-CONGELADOR;27/10/2025;7/12/2025;42;174/2025;VERDADERO;VERDADERO;;;FALSO;;;1;;
1508;4840;XEITOSIÑO;LANGOSTINO;ALTURA-PROC-CONGELADOR;3/9/2025;19/9/2025;17;149/2025;VERDADERO;VERDADERO;;;FALSO;;;2;;
1509;7724;VALERIA DEL ATLANTICO;MERLUZA AUSTRAL;ALTURA-PROC-CONGELADOR;30/10/2025;19/11/2025;21;173/2025;VERDADERO;VERDADERO;;;FALSO;;;1;;
1510;190;CAPESANTE;VIEIRA;ALTURA-PROC-CONGELADOR;30/10/2025;4/12/2025;36;171/2025;FALSO;FALSO;;;FALSO;;;1;;
1512;7730;MELLINO VI;MERLUZA;ALTURA-FRESQUERO;1/11/2025;12/11/2025;12;176/2025;VERDADERO;VERDADERO;;;FALSO;;;1;;
1513;73;CENTAURO 2000;MERLUZA;ALTURA-FRESQUERO;3/11/2025;8/11/2025;6;170/2025;VERDADERO;VERDADERO;;;FALSO;;;3;;
1514;7838;RAFFAELA;ANCHOITA;ALTURA-FRESQUERO;4/11/2025;11/11/2025;8;179/2025;VERDADERO;VERDADERO;;;FALSO;;;1;;
1515;9474;UR ERTZA;MERLUZA;ALTURA-FRESQUERO;3/11/2025;12/11/2025;10;177/2025;VERDADERO;VERDADERO;;;FALSO;;;1;;
1519;7841;TALISMAN;CENTOLLA;ALTURA-PROC-CONGELADOR;7/11/2025;25/11/2025;19;178/2025;FALSO;FALSO;;;FALSO;;;1;;
1523;186;ATREVIDO;MERLUZA;ALTURA-FRESQUERO;30/9/2025;5/10/2025;6;167/2025;VERDADERO;VERDADERO;;;FALSO;;;1;;
1524;186;ATREVIDO;MERLUZA;ALTURA-FRESQUERO;7/10/2025;12/10/2025;6;167/2025;VERDADERO;VERDADERO;;;FALSO;;;2;;
1525;186;ATREVIDO;MERLUZA;ALTURA-FRESQUERO;14/10/2025;18/10/2025;5;167/2025;VERDADERO;VERDADERO;;;FALSO;;;3;;
1526;186;ATREVIDO;MERLUZA;ALTURA-FRESQUERO;20/10/2025;24/10/2025;5;167/2025;VERDADERO;VERDADERO;;;FALSO;;;4;;
1527;186;ATREVIDO;MERLUZA;ALTURA-FRESQUERO;26/10/2025;1/11/2025;7;167/2025;VERDADERO;VERDADERO;;;FALSO;;;5;;
1528;186;ATREVIDO;MERLUZA;ALTURA-FRESQUERO;1/11/2025;7/11/2025;7;167/2025;VERDADERO;VERDADERO;;;FALSO;;;6;;
1534;179;ATLANTIC EXPRESS;CENTOLLA;ALTURA-PROC-CONGELADOR;12/11/2025;16/12/2025;43;180/2025;FALSO;FALSO;;;FALSO;;;1;;
1536;7767;ANITA;MERLUZA;ALTURA-FRESQUERO;4/11/2025;12/11/2025;11;175/2025;FALSO;FALSO;;;FALSO;;;1;;
1542;7852;TANGO I;CENTOLLA;ALTURA-PROC-CONGELADOR;5/11/2025;4/12/2025;30;162/2025;VERDADERO;VERDADERO;;;FALSO;;;3;;
1543;7843;DUKAT;CENTOLLA;ALTURA-PROC-CONGELADOR;12/10/2025;14/10/2025;55;169/2025;VERDADERO;VERDADERO;;;FALSO;;;1;;
1544;7843;DUKAT;CENTOLLA;ALTURA-PROC-CONGELADOR;16/10/2025;12/11/2025;28;169/2025;VERDADERO;VERDADERO;;;FALSO;;;2;;
1545;7843;DUKAT;CENTOLLA;ALTURA-PROC-CONGELADOR;14/11/2025;5/12/2025;28;169/2025;VERDADERO;VERDADERO;;;FALSO;;;3;;
1546;9474;UR ERTZA;MERLUZA;ALTURA-FRESQUERO;14/11/2025;21/11/2025;8;177/2025;VERDADERO;VERDADERO;;;FALSO;;;2;;
1547;9474;UR ERTZA;MERLUZA;ALTURA-FRESQUERO;23/11/2025;1/12/2025;9;177/2025;VERDADERO;VERDADERO;;;FALSO;;;3;;
1548;4840;MISS TIDE;VIEIRA;ALTURA-PROC-CONGELADOR;10/11/2025;12/12/2025;33;181/2025;VERDADERO;VERDADERO;;;FALSO;;;1;;
1549;7838;ECHIZEN MARU;MERLUZA AUSTRAL;ALTURA-PROC-CONGELADOR;22/11/2025;12/1/2026;52;182/2025;VERDADERO;VERDADERO;;;FALSO;;;1;;
1550;7726;CHIYO MARU NO.3;CENTOLLA;ALTURA-PROC-CONGELADOR;26/11/2025;4/1/2026;40;183/2025;VERDADERO;VERDADERO;;;FALSO;;;1;;
1552;7798;TAI AN;MERLUZA AUSTRAL;ALTURA-PROC-CONGELADOR;27/11/2025;;;184/2025;FALSO;FALSO;;;FALSO;;;1;;
1557;190;CAPESANTE;VIEIRA;ALTURA-PROC-CONGELADOR;4/12/2025;;;171/2025;FALSO;FALSO;;;FALSO;;;2;;
1558;7767;ANITA;MERLUZA;ALTURA-FRESQUERO;14/11/2025;18/11/2025;5;175/2025;FALSO;FALSO;;;FALSO;;;2;;
1559;7767;ANITA;MERLUZA;ALTURA-FRESQUERO;22/11/2025;27/11/2025;6;175/2025;FALSO;FALSO;;;FALSO;;;3;;
1560;7767;ANITA;MERLUZA;ALTURA-FRESQUERO;30/11/2025;6/12/2025;7;175/2025;FALSO;FALSO;;;FALSO;;;4;;
1561;190;CAPESANTE;VIEIRA;ALTURA-PROC-CONGELADOR;;11/12/2025;;171/2025;FALSO;FALSO;;;FALSO;;;5;;
1564;7847;PIONEROS;CENTOLLA;ALTURA-PROC-CONGELADOR;11/1/2025;11/1/2025;1;13/2025;VERDADERO;VERDADERO;;;FALSO;;;1;;
1565;7847;PIONEROS;CENTOLLA;ALTURA-PROC-CONGELADOR;14/1/2025;15/1/2025;2;13/2025;VERDADERO;VERDADERO;;;FALSO;;;2;;
1566;7847;PIONEROS;CENTOLLA;ALTURA-PROC-CONGELADOR;15/1/2025;16/1/2025;2;13/2025;VERDADERO;VERDADERO;;;FALSO;;;3;;
1567;7847;PIONEROS;CENTOLLA;ALTURA-PROC-CONGELADOR;17/1/2025;17/1/2025;1;13/2025;VERDADERO;VERDADERO;;;FALSO;;;4;;
1568;7847;PIONEROS;CENTOLLA;ALTURA-PROC-CONGELADOR;17/1/2025;19/1/2025;3;13/2025;VERDADERO;VERDADERO;;;FALSO;;;5;;
1569;7847;PIONEROS;CENTOLLA;ALTURA-PROC-CONGELADOR;2/2/2025;5/2/2025;4;13/2025;VERDADERO;VERDADERO;;;FALSO;;;6;;
1570;7847;PIONEROS;CENTOLLA;ALTURA-PROC-CONGELADOR;12/2/2025;15/2/2025;4;13/2025;VERDADERO;VERDADERO;;;FALSO;;;7;;
1571;190;CAPESANTE;VIEIRA;ALTURA-PROC-CONGELADOR;16/12/2025;;;186/2025;FALSO;FALSO;;;FALSO;;;1;;
1572;7844;ERIN BRUCE II;VIEIRA;ALTURA-PROC-CONGELADOR;15/12/2025;;;187/2025;FALSO;FALSO;;;FALSO;;;1;;
1574;7612;ATREVIDO;MERLUZA;ALTURA-FRESQUERO;2/12/2025;6/12/2025;5;185/2025;VERDADERO;VERDADERO;;;FALSO;;;1;;
1575;7612;ATREVIDO;MERLUZA;ALTURA-FRESQUERO;9/12/2025;13/12/2025;5;185/2025;VERDADERO;VERDADERO;;;FALSO;;;2;;
1577;7798;TAI AN;MERLUZA AUSTRAL;ALTURA-PROC-CONGELADOR;27/12/2024;17/2/2025;53;170/2024;VERDADERO;VERDADERO;;;FALSO;;;1;;
1578;7729;MISS PATAGONIA;ABADEJO;ALTURA-PROC-CONGELADOR;12/3/2025;15/3/2025;4;44/2025;VERDADERO;VERDADERO;;;FALSO;;;1;;
1579;7729;MISS PATAGONIA;ABADEJO;ALTURA-PROC-CONGELADOR;15/3/2025;17/3/2025;3;44/2025;VERDADERO;VERDADERO;;;FALSO;;;2;;
1580;7729;MISS PATAGONIA;ABADEJO;ALTURA-PROC-CONGELADOR;18/3/2025;29/3/2025;12;44/2025;VERDADERO;VERDADERO;;;FALSO;;;3;;
1581;7842;TALISMAN;CENTOLLA;ALTURA-PROC-CONGELADOR;13/3/2025;14/4/2025;33;48/2025;VERDADERO;VERDADERO;;;FALSO;;;1;;
1582;7842;TALISMAN;CENTOLLA;ALTURA-PROC-CONGELADOR;16/4/2025;23/4/2025;8;48/2025;VERDADERO;VERDADERO;;;FALSO;;;2;;
1583;7842;TALISMAN;CENTOLLA;ALTURA-PROC-CONGELADOR;23/4/2025;28/4/2025;6;48/2025;VERDADERO;VERDADERO;;;FALSO;;;3;;
1584;9467;NINA;LANGOSTINO;ALTURA-PROC-CONGELADOR;8/8/2025;19/8/2025;12;143/2025;VERDADERO;VERDADERO;;;FALSO;;;1;;
1587;9474;UR ERTZA;MERLUZA;ALTURA-FRESQUERO;3/12/2025;11/12/2025;9;177/2025;VERDADERO;VERDADERO;;;FALSO;;;4;;
1589;7861;TANGO II;CENTOLLA;ALTURA-PROC-CONGELADOR;23/12/2025;27/12/2025;5;196/2025;VERDADERO;VERDADERO;;;FALSO;;;1;;
1590;179;ATLANTIC EXPRESS;CENTOLLA;ALTURA-PROC-CONGELADOR;18/12/2025;24/12/2025;7;180/2025;FALSO;FALSO;;;FALSO;;;2;;
1591;7842;TANGO II;CENTOLLA;ALTURA-PROC-CONGELADOR;14/10/2025;30/10/2025;17;161/2025;VERDADERO;VERDADERO;;;FALSO;;;1;;
1592;7842;TANGO II;CENTOLLA;ALTURA-PROC-CONGELADOR;18/9/2025;10/10/2025;23;CI;VERDADERO;VERDADERO;;;FALSO;;;2;;
1593;7841;TALISMAN;CENTOLLA;ALTURA-PROC-CONGELADOR;28/11/2025;21/12/2025;24;178/2025;VERDADERO;VERDADERO;;;FALSO;;;2;;
1594;7868;HUYU 962;CALAMAR;ALTURA-PROC-CONGELADOR;29/12/2025;;;191/2025;FALSO;FALSO;;;FALSO;;;1;;
1595;7900;SCIROCCO;CALAMAR;ALTURA-PROC-CONGELADOR;29/12/2025;;;200/2025;FALSO;FALSO;;;FALSO;;;1;;
1596;7873;NAVEGANTES III;CALAMAR;ALTURA-PROC-CONGELADOR;29/12/2025;;;201/2025;FALSO;FALSO;;;FALSO;;;1;;
1597;7871;MINTA;CALAMAR;ALTURA-PROC-CONGELADOR;29/12/2025;4/1/2026;7;189/2025;VERDADERO;VERDADERO;;;FALSO;;;1;;
1598;7612;DON LUIS I;CALAMAR;ALTURA-PROC-CONGELADOR;29/12/2025;5/1/2026;8;198/2025;VERDADERO;VERDADERO;;;FALSO;;;1;;
1600;183;CHIYO MARU NO.3;CENTOLLA;ALTURA-PROC-CONGELADOR;2/10/2025;21/10/2025;20;CI;VERDADERO;VERDADERO;;;FALSO;;;1;;
1601;7838;ATLANTIC EXPRESS;CENTOLLA;ALTURA-PROC-CONGELADOR;13/10/2025;8/11/2025;27;159/2025;VERDADERO;VERDADERO;;;FALSO;;;2;;
1602;7845;ATLANTIC EXPRESS;CENTOLLA;ALTURA-PROC-CONGELADOR;13/9/2025;12/10/2025;30;CI;VERDADERO;VERDADERO;;;FALSO;;;2;;
1603;7838;ATLANTIC EXPRESS;CENTOLLA;ALTURA-PROC-CONGELADOR;13/9/2025;12/10/2025;30;CI;VERDADERO;VERDADERO;;;FALSO;;;2;;
1604;7860;SOHO MARU N 58;CALAMAR;ALTURA-PROC-CONGELADOR;30/12/2025;;;190/2025;FALSO;FALSO;;;FALSO;;;1;;
1605;7852;TANGO I;CENTOLLA;ALTURA-PROC-CONGELADOR;15/9/2025;10/10/2025;26;CI;VERDADERO;VERDADERO;;;FALSO;;;3;;
1606;179;ATLANTIC EXPRESS;CENTOLLA;ALTURA-PROC-CONGELADOR;24/2/2025;2/3/2025;17;03/2025;FALSO;FALSO;;;FALSO;;;4;;
1607;179;ATLANTIC EXPRESS;CENTOLLA;ALTURA-PROC-CONGELADOR;25/2/2025;2/3/2025;6;03/2025;FALSO;VERDADERO;;;FALSO;;;4;;
1608;7729;VALERIA DEL ATLANTICO;MERLUZA AUSTRAL;ALTURA-PROC-CONGELADOR;30/12/2025;;;188/2025;FALSO;FALSO;;;FALSO;;;1;;
1609;7866;TALISMAN;CENTOLLA;ALTURA-PROC-CONGELADOR;30/12/2025;15/1/2026;17;194/2025;VERDADERO;VERDADERO;;;FALSO;;;1;;
1610;7874;DUKAT;CENTOLLA;ALTURA-PROC-CONGELADOR;30/12/2025;;;195/2025;FALSO;FALSO;;;FALSO;;;1;;
1611;9461;TANGO I;CENTOLLA;ALTURA-PROC-CONGELADOR;30/12/2025;;;197/2025;FALSO;FALSO;;;FALSO;;;1;;
1612;7861;TANGO II;CENTOLLA;ALTURA-PROC-CONGELADOR;1/1/2026;;;196/2025;FALSO;FALSO;;;FALSO;;;2;;
1613;9480;ARGENOVA XXI;MERLUZA AUSTRAL;ALTURA-PROC-CONGELADOR;3/1/2026;;;01/2026;FALSO;FALSO;;;FALSO;;;1;;
1614;7872;HAI XIANG 17;CALAMAR;ALTURA-PROC-CONGELADOR;29/12/2025;;;193/2025;FALSO;FALSO;;;FALSO;;;1;;
1615;7796;HAI XIANG 16;CALAMAR;ALTURA-PROC-CONGELADOR;29/12/2025;;;192/2025;FALSO;FALSO;;;FALSO;;;1;;
1616;7871;MINTA;CALAMAR;ALTURA-PROC-CONGELADOR;6/1/2026;;;189/2025;FALSO;FALSO;;;FALSO;;;2;;
1617;7612;DON LUIS I;CALAMAR;ALTURA-PROC-CONGELADOR;6/1/2026;;;198/2025;FALSO;FALSO;;;FALSO;;;2;;
1618;7865;VENTARRON 1º;MERLUZA;ALTURA-PROC-CONGELADOR;6/1/2026;;;03/2026;FALSO;FALSO;;;FALSO;;;1;;
1619;7726;CHIYO MARU NO.3;CENTOLLA;ALTURA-PROC-CONGELADOR;6/1/2026;;;8/2026;FALSO;FALSO;;;FALSO;;;1;;
1621;9467;ATREVIDO;MERLUZA;ALTURA-FRESQUERO;6/1/2026;12/1/2026;7;4/2026;VERDADERO;VERDADERO;;;FALSO;;;1;;
1622;9474;DON PEDRO;MERLUZA;ALTURA-PROC-CONGELADOR;6/1/2026;;;5/2026;FALSO;FALSO;;;FALSO;;;1;;
1623;166;ATLANTIC SURF III;VIEIRA;ALTURA-PROC-CONGELADOR;9/1/2026;;;199/2025;FALSO;FALSO;;;FALSO;;;1;;
1624;7848;CENTURION DEL ATLANTICO;MERLUZA AUSTRAL;ALTURA-PROC-CONGELADOR;5/1/2026;;;2/2026;FALSO;FALSO;;;FALSO;;;1;;
1625;9467;ATREVIDO;MERLUZA;ALTURA-FRESQUERO;13/1/2026;;;4/2026;FALSO;FALSO;;;FALSO;;;2;;
1626;7850;NATALIA;CALAMAR;ALTURA-PROC-CONGELADOR;6/1/2026;;;6/2026;FALSO;FALSO;;;FALSO;;;1;;
1627;7865;VENTARRON 1º;MERLUZA;ALTURA-PROC-CONGELADOR;;14/1/2026;;3/2026;FALSO;FALSO;;;FALSO;;;1;;
